firstname,lastname,email,dateOfBirth,schoolClass,phoneNumber
Hadleigh,Plessing,hplessing0@yellowbook.com,04-09-2022,HIGH_SCHOOL_1TH_GRADE,3223749655
Kellsie,Van den Oord,kvandenoord1@blinklist.com,09-06-2022,HIGH_SCHOOL_1TH_GRADE,5104343127
Bryn,Porter,bporter2@mayoclinic.com,30-04-2022,HIGH_SCHOOL_1TH_GRADE,8816695844
Susi,Broster,sbroster3@columbia.edu,30-11-2021,HIGH_SCHOOL_1TH_GRADE,3346228907
Walsh,Grestye,wgrestye4@parallels.com,14-10-2021,HIGH_SCHOOL_1TH_GRADE,8227923172
Perle,Kitlee,pkitlee5@meetup.com,17-01-2022,HIGH_SCHOOL_1TH_GRADE,8478680717
Jesse,Syvret,jsyvret6@cloudflare.com,03-03-2022,HIGH_SCHOOL_1TH_GRADE,7259222312
Kacey,Gosz,kgosz7@columbia.edu,20-08-2021,HIGH_SCHOOL_1TH_GRADE,6172680918
Shanan,Sneddon,ssneddon8@deviantart.com,24-10-2023,HIGH_SCHOOL_1TH_GRADE,9494440614
Bentley,Tustin,btustin9@hubpages.com,22-01-2023,HIGH_SCHOOL_1TH_GRADE,3613118127
Fiann,Heake,fheakea@boston.com,29-08-2022,HIGH_SCHOOL_1TH_GRADE,8654738690
Candis,Grice,cgriceb@virginia.edu,23-10-2022,HIGH_SCHOOL_1TH_GRADE,3236777330
Claudelle,Monini,cmoninic@mtv.com,07-06-2023,HIGH_SCHOOL_1TH_GRADE,3665259836
Skylar,Fryatt,sfryattd@hugedomains.com,06-07-2023,HIGH_SCHOOL_1TH_GRADE,1527950758
Glenn,Innis,ginnise@trellian.com,20-01-2022,HIGH_SCHOOL_1TH_GRADE,9424418682
Dennison,Udy,dudyf@cargocollective.com,04-01-2022,HIGH_SCHOOL_1TH_GRADE,2653664199
Kaylyn,Karpov,kkarpovg@nifty.com,28-05-2022,HIGH_SCHOOL_1TH_GRADE,2191038101
Lishe,Renneke,lrennekeh@walmart.com,07-11-2023,HIGH_SCHOOL_1TH_GRADE,2394461073
Shellysheldon,Loyd,sloydi@go.com,29-07-2021,HIGH_SCHOOL_1TH_GRADE,1536295804
Gui,Crimin,gcriminj@jiathis.com,06-11-2022,HIGH_SCHOOL_1TH_GRADE,6952526106
Ernesto,Marchment,emarchmentk@ca.gov,16-10-2021,HIGH_SCHOOL_1TH_GRADE,4299939389
Ingelbert,Bartens,ibartensl@webmd.com,19-06-2023,HIGH_SCHOOL_1TH_GRADE,4945188857
Egan,Kiendl,ekiendlm@creativecommons.org,12-07-2021,HIGH_SCHOOL_1TH_GRADE,9984029912
Jacinthe,Weafer,jweafern@loc.gov,27-01-2023,HIGH_SCHOOL_1TH_GRADE,6084165096
Melinda,Boam,mboamo@constantcontact.com,11-10-2022,HIGH_SCHOOL_1TH_GRADE,9914371490
Garrik,McAlees,gmcaleesp@deliciousdays.com,19-10-2021,HIGH_SCHOOL_1TH_GRADE,6446691362
Barry,Pavinese,bpavineseq@time.com,08-06-2023,HIGH_SCHOOL_1TH_GRADE,4929117246
Devonne,Falkus,dfalkusr@disqus.com,12-04-2022,HIGH_SCHOOL_1TH_GRADE,7537505323
Britni,Duckitt,bduckitts@storify.com,10-09-2023,HIGH_SCHOOL_1TH_GRADE,9452799887
Dur,Duckworth,dduckwortht@dmoz.org,29-10-2023,HIGH_SCHOOL_1TH_GRADE,9641692361
Shantee,Duxbarry,sduxbarryu@japanpost.jp,17-12-2021,HIGH_SCHOOL_1TH_GRADE,6252163797
Germayne,Pearn,gpearnv@example.com,24-07-2023,HIGH_SCHOOL_1TH_GRADE,2418486996
Marcille,Chalk,mchalkw@answers.com,04-08-2022,HIGH_SCHOOL_1TH_GRADE,6635596546
Dina,Spiniello,dspiniellox@businessweek.com,08-01-2023,HIGH_SCHOOL_1TH_GRADE,6205264368
Barbara,Krook,bkrooky@dropbox.com,24-09-2022,HIGH_SCHOOL_1TH_GRADE,1277595501
Hildy,Jearum,hjearumz@360.cn,07-12-2022,HIGH_SCHOOL_1TH_GRADE,6103971857
Trstram,Carvell,tcarvell10@eventbrite.com,27-10-2022,HIGH_SCHOOL_1TH_GRADE,5628723675
Malia,Grinyer,mgrinyer11@wordpress.org,03-10-2021,HIGH_SCHOOL_1TH_GRADE,7164279444
Granny,Hartington,ghartington12@timesonline.co.uk,14-01-2023,HIGH_SCHOOL_1TH_GRADE,4617804101
Mair,Sivyer,msivyer13@deliciousdays.com,29-03-2022,HIGH_SCHOOL_1TH_GRADE,4663669638
Florella,Smallshaw,fsmallshaw14@exblog.jp,16-06-2023,HIGH_SCHOOL_1TH_GRADE,5712734215
Marve,Aulds,maulds15@newsvine.com,03-11-2022,HIGH_SCHOOL_1TH_GRADE,1394867630
Katrinka,Johann,kjohann16@foxnews.com,05-11-2021,HIGH_SCHOOL_1TH_GRADE,5398680443
Halsy,Lardez,hlardez17@mayoclinic.com,26-04-2022,HIGH_SCHOOL_1TH_GRADE,2065690124
Hunfredo,Briamo,hbriamo18@netvibes.com,02-08-2023,HIGH_SCHOOL_1TH_GRADE,9197787536
Meredithe,Roadknight,mroadknight19@usnews.com,04-01-2022,HIGH_SCHOOL_1TH_GRADE,1101246410
Krishnah,Innocenti,kinnocenti1a@foxnews.com,15-08-2022,HIGH_SCHOOL_1TH_GRADE,7917738085
Mariejeanne,MacGragh,mmacgragh1b@oakley.com,31-08-2023,HIGH_SCHOOL_1TH_GRADE,1299979567
Juliann,Goggen,jgoggen1c@1688.com,27-04-2022,HIGH_SCHOOL_1TH_GRADE,8578621562
Brandie,Stirzaker,bstirzaker1d@ifeng.com,18-10-2023,HIGH_SCHOOL_1TH_GRADE,3089559925
Stacey,Applin,sapplin1e@multiply.com,24-09-2022,HIGH_SCHOOL_1TH_GRADE,8829245100
Curtis,Olyff,colyff1f@timesonline.co.uk,20-01-2023,HIGH_SCHOOL_1TH_GRADE,1748884019
Billy,Clinning,bclinning1g@icio.us,14-01-2023,HIGH_SCHOOL_1TH_GRADE,7328187407
Shell,Gerty,sgerty1h@ifeng.com,22-07-2023,HIGH_SCHOOL_1TH_GRADE,4543190707
Pavel,Leguay,pleguay1i@netscape.com,14-05-2022,HIGH_SCHOOL_1TH_GRADE,5722706629
Ulises,Summerson,usummerson1j@apple.com,12-05-2022,HIGH_SCHOOL_1TH_GRADE,8961358279
Chiquia,Thandi,cthandi1k@webnode.com,09-07-2023,HIGH_SCHOOL_1TH_GRADE,9603261277
Pembroke,Bosanko,pbosanko1l@netvibes.com,11-08-2021,HIGH_SCHOOL_1TH_GRADE,8819447472
Gaylord,Bolf,gbolf1m@mapy.cz,23-02-2022,HIGH_SCHOOL_1TH_GRADE,8086200784
Costa,Leer,cleer1n@so-net.ne.jp,27-05-2022,HIGH_SCHOOL_1TH_GRADE,5746101150
Ellie,Enrietto,eenrietto1o@cisco.com,13-04-2022,HIGH_SCHOOL_1TH_GRADE,7885119615
Gwenette,Cessford,gcessford1p@twitter.com,10-06-2022,HIGH_SCHOOL_1TH_GRADE,9887605381
Elwin,Broschek,ebroschek1q@lycos.com,03-02-2023,HIGH_SCHOOL_1TH_GRADE,8814188410
Teresa,Arent,tarent1r@opera.com,26-10-2022,HIGH_SCHOOL_1TH_GRADE,8535881230
Anett,Balfre,abalfre1s@sitemeter.com,11-05-2023,HIGH_SCHOOL_1TH_GRADE,1489152487
Emalee,Nisuis,enisuis1t@tuttocitta.it,21-10-2023,HIGH_SCHOOL_1TH_GRADE,4805944609
Abe,Wallworth,awallworth1u@example.com,17-10-2023,HIGH_SCHOOL_1TH_GRADE,6526515399
Aleda,Le Marchant,alemarchant1v@irs.gov,11-10-2022,HIGH_SCHOOL_1TH_GRADE,5748217739
Ugo,Marryatt,umarryatt1w@macromedia.com,23-05-2023,HIGH_SCHOOL_1TH_GRADE,8086632548
Daniella,Lillyman,dlillyman1x@clickbank.net,24-06-2022,HIGH_SCHOOL_1TH_GRADE,5448805438
Rod,Addyman,raddyman1y@hostgator.com,11-11-2022,HIGH_SCHOOL_1TH_GRADE,3264600762
Roderigo,Arrundale,rarrundale1z@cloudflare.com,21-06-2023,HIGH_SCHOOL_1TH_GRADE,3326381820
Ernesto,Laraway,elaraway20@usa.gov,25-06-2023,HIGH_SCHOOL_1TH_GRADE,7851673692
Erica,Ganders,eganders21@blogger.com,14-07-2023,HIGH_SCHOOL_1TH_GRADE,8393999906
Tracy,Codling,tcodling22@forbes.com,08-08-2022,HIGH_SCHOOL_1TH_GRADE,5358359986
Irving,Camosso,icamosso23@seattletimes.com,06-02-2023,HIGH_SCHOOL_1TH_GRADE,1172172681
Nikolas,Colbran,ncolbran24@buzzfeed.com,08-06-2022,HIGH_SCHOOL_1TH_GRADE,5468537937
Shandie,Daish,sdaish25@chicagotribune.com,19-10-2021,HIGH_SCHOOL_1TH_GRADE,2146007046
Britt,Alsopp,balsopp26@digg.com,24-02-2023,HIGH_SCHOOL_1TH_GRADE,5416366809
Cristian,Crowche,ccrowche27@yale.edu,13-06-2022,HIGH_SCHOOL_1TH_GRADE,2497269008
Hayes,Thompson,hthompson28@123-reg.co.uk,28-06-2022,HIGH_SCHOOL_1TH_GRADE,4346483098
Ralf,Klaffs,rklaffs29@t.co,15-03-2023,HIGH_SCHOOL_1TH_GRADE,8311175564
Jeff,Babbidge,jbabbidge2a@bloglines.com,28-08-2023,HIGH_SCHOOL_1TH_GRADE,1276786484
Merla,Chaudhry,mchaudhry2b@ft.com,21-09-2022,HIGH_SCHOOL_1TH_GRADE,8434093237
Ellen,Dublin,edublin2c@xing.com,02-04-2023,HIGH_SCHOOL_1TH_GRADE,4263239401
Jermain,Onthank,jonthank2d@bbb.org,24-09-2023,HIGH_SCHOOL_1TH_GRADE,5928364242
Lissa,Cauthra,lcauthra2e@linkedin.com,17-09-2022,HIGH_SCHOOL_1TH_GRADE,5877586698
Eduino,Le Quesne,elequesne2f@csmonitor.com,11-10-2022,HIGH_SCHOOL_1TH_GRADE,4292424480
Sigmund,Korneichik,skorneichik2g@tamu.edu,09-07-2022,HIGH_SCHOOL_1TH_GRADE,9707195018
Gayel,Heckle,gheckle2h@fc2.com,22-09-2023,HIGH_SCHOOL_1TH_GRADE,1711628752
Jayme,Carbonell,jcarbonell2i@time.com,26-11-2021,HIGH_SCHOOL_1TH_GRADE,5633631687
Townie,Hubbert,thubbert2j@prnewswire.com,09-08-2021,HIGH_SCHOOL_1TH_GRADE,4706940399
Karie,Barzen,kbarzen2k@chron.com,03-09-2021,HIGH_SCHOOL_1TH_GRADE,1259512287
Enid,Washington,ewashington2l@list-manage.com,23-03-2022,HIGH_SCHOOL_1TH_GRADE,5772109663
Marijn,Di Maria,mdimaria2m@canalblog.com,02-07-2023,HIGH_SCHOOL_1TH_GRADE,3057589404
Egon,Haddock,ehaddock2n@devhub.com,16-08-2023,HIGH_SCHOOL_1TH_GRADE,6832493821
Marquita,Kohrs,mkohrs2o@nsw.gov.au,04-03-2022,HIGH_SCHOOL_1TH_GRADE,2644926736
Pru,Bettridge,pbettridge2p@acquirethisname.com,19-09-2021,HIGH_SCHOOL_1TH_GRADE,3974708873
Joete,Trumble,jtrumble2q@booking.com,30-08-2023,HIGH_SCHOOL_1TH_GRADE,7893463184
Shaughn,Szymanowski,sszymanowski2r@smugmug.com,18-12-2022,HIGH_SCHOOL_1TH_GRADE,8093264202
Fania,Duberry,fduberry2s@smh.com.au,23-12-2022,HIGH_SCHOOL_1TH_GRADE,1428401462
Doloritas,Purveys,dpurveys2t@unc.edu,15-11-2021,HIGH_SCHOOL_1TH_GRADE,3897231348
Margarita,Pye,mpye2u@altervista.org,26-08-2022,HIGH_SCHOOL_1TH_GRADE,6871392206
Arabel,Syddon,asyddon2v@opera.com,03-02-2022,HIGH_SCHOOL_1TH_GRADE,8842171632
Marsha,Svanetti,msvanetti2w@myspace.com,02-10-2023,HIGH_SCHOOL_1TH_GRADE,3452146295
Elnore,Salzberger,esalzberger2x@shop-pro.jp,16-10-2021,HIGH_SCHOOL_1TH_GRADE,2199415145
Wilmer,Grebner,wgrebner2y@jugem.jp,11-10-2022,HIGH_SCHOOL_1TH_GRADE,4542369223
Silvan,Craxford,scraxford2z@livejournal.com,09-01-2023,HIGH_SCHOOL_1TH_GRADE,2257831782
Benny,Sibun,bsibun30@ibm.com,02-02-2022,HIGH_SCHOOL_1TH_GRADE,9259044084
Vivyanne,O'Flaverty,voflaverty31@nydailynews.com,09-08-2023,HIGH_SCHOOL_1TH_GRADE,7974042319
Artemis,Lilian,alilian32@cpanel.net,17-07-2021,HIGH_SCHOOL_1TH_GRADE,6241764058
Storm,Baudinet,sbaudinet33@globo.com,20-08-2022,HIGH_SCHOOL_1TH_GRADE,6681870091
Barry,Dello,bdello34@indiatimes.com,16-02-2022,HIGH_SCHOOL_1TH_GRADE,9695793563
Jonathon,Keighly,jkeighly35@engadget.com,05-03-2022,HIGH_SCHOOL_1TH_GRADE,5472219036
Jarvis,Ivchenko,jivchenko36@cbc.ca,20-06-2023,HIGH_SCHOOL_1TH_GRADE,6447531392
Chariot,Ticehurst,cticehurst37@flickr.com,15-06-2023,HIGH_SCHOOL_1TH_GRADE,6379137778
Milly,Unstead,munstead38@symantec.com,19-02-2023,HIGH_SCHOOL_1TH_GRADE,3077992290
Juliana,Orrocks,jorrocks39@i2i.jp,14-12-2021,HIGH_SCHOOL_1TH_GRADE,4769100758
Hester,Pechold,hpechold3a@amazon.com,17-04-2023,HIGH_SCHOOL_1TH_GRADE,3368471780
Mattheus,Wogden,mwogden3b@google.nl,30-11-2021,HIGH_SCHOOL_1TH_GRADE,2559408972
Lulu,Hawket,lhawket3c@redcross.org,26-10-2023,HIGH_SCHOOL_1TH_GRADE,7314009862
Webb,Wooder,wwooder3d@narod.ru,25-07-2023,HIGH_SCHOOL_1TH_GRADE,8708155634
Sam,Eagers,seagers3e@businessinsider.com,02-02-2023,HIGH_SCHOOL_1TH_GRADE,4527136802
Daryn,Froude,dfroude3f@over-blog.com,01-12-2022,HIGH_SCHOOL_1TH_GRADE,2035775262
Buddy,Kropp,bkropp3g@who.int,19-10-2021,HIGH_SCHOOL_1TH_GRADE,3017671142
Hinda,Rubury,hrubury3h@spotify.com,27-04-2022,HIGH_SCHOOL_1TH_GRADE,8792042264
Irita,Beinisch,ibeinisch3i@artisteer.com,15-07-2022,HIGH_SCHOOL_1TH_GRADE,1854902105
Amii,McKeon,amckeon3j@shop-pro.jp,21-05-2023,HIGH_SCHOOL_1TH_GRADE,7394425879
Aviva,Macallam,amacallam3k@toplist.cz,18-02-2022,HIGH_SCHOOL_1TH_GRADE,4655388901
Ennis,Orum,eorum3l@alexa.com,04-06-2023,HIGH_SCHOOL_1TH_GRADE,3473377399
Garrek,Worling,gworling3m@t-online.de,25-05-2023,HIGH_SCHOOL_1TH_GRADE,7654640768
Amie,Jiroutka,ajiroutka3n@pagesperso-orange.fr,08-12-2022,HIGH_SCHOOL_1TH_GRADE,5858841915
Lotty,Hayton,lhayton3o@mysql.com,02-05-2022,HIGH_SCHOOL_1TH_GRADE,4808097469
Ag,Gittoes,agittoes3p@wufoo.com,29-10-2022,HIGH_SCHOOL_1TH_GRADE,4191497704
Guss,Collyns,gcollyns3q@a8.net,01-12-2022,HIGH_SCHOOL_1TH_GRADE,3124100167
Thomasa,Colwell,tcolwell3r@cyberchimps.com,06-09-2023,HIGH_SCHOOL_1TH_GRADE,2333270296
Udell,Stubbins,ustubbins3s@redcross.org,03-09-2021,HIGH_SCHOOL_1TH_GRADE,7289571142
Justinian,Grayshon,jgrayshon3t@yellowbook.com,28-12-2022,HIGH_SCHOOL_1TH_GRADE,2981359541
Mel,Emmitt,memmitt3u@chicagotribune.com,02-05-2022,HIGH_SCHOOL_1TH_GRADE,9048983466
Jacquelynn,Ricioppo,jricioppo3v@springer.com,04-09-2021,HIGH_SCHOOL_1TH_GRADE,6032273731
Brigid,Monckton,bmonckton3w@reference.com,16-06-2022,HIGH_SCHOOL_1TH_GRADE,3193179663
L;urette,Dilston,ldilston3x@typepad.com,10-06-2023,HIGH_SCHOOL_1TH_GRADE,2581257358
Thorn,Britzius,tbritzius3y@gnu.org,11-10-2021,HIGH_SCHOOL_1TH_GRADE,7588589885
Isidore,Abbey,iabbey3z@irs.gov,09-02-2023,HIGH_SCHOOL_1TH_GRADE,7194949179
Halli,Woodhouse,hwoodhouse40@360.cn,15-09-2023,HIGH_SCHOOL_1TH_GRADE,8176401023
Tymon,Brydell,tbrydell41@spiegel.de,03-04-2023,HIGH_SCHOOL_1TH_GRADE,8123100292
Bobbye,D'orsay,bdorsay42@fastcompany.com,14-05-2023,HIGH_SCHOOL_1TH_GRADE,4588668599
Rahel,Stollenbecker,rstollenbecker43@techcrunch.com,19-08-2021,HIGH_SCHOOL_1TH_GRADE,6286574701
Say,Toller,stoller44@jigsy.com,29-10-2021,HIGH_SCHOOL_1TH_GRADE,5894199591
Josy,Olensby,jolensby45@vinaora.com,03-07-2023,HIGH_SCHOOL_1TH_GRADE,6931698389
Almeda,Janew,ajanew46@pinterest.com,14-08-2023,HIGH_SCHOOL_1TH_GRADE,6138858481
Jacquenetta,Gatrill,jgatrill47@cbc.ca,09-11-2022,HIGH_SCHOOL_1TH_GRADE,5538869934
Salomi,Kirsz,skirsz48@google.de,30-09-2021,HIGH_SCHOOL_1TH_GRADE,2176012501
Pippa,Schimek,pschimek49@sbwire.com,16-08-2021,HIGH_SCHOOL_1TH_GRADE,3691822843
Debra,Pigot,dpigot4a@technorati.com,06-02-2022,HIGH_SCHOOL_1TH_GRADE,4745861755
Shelby,Revans,srevans4b@usgs.gov,01-12-2021,HIGH_SCHOOL_1TH_GRADE,4552503873
Kleon,Brockbank,kbrockbank4c@topsy.com,28-12-2021,HIGH_SCHOOL_1TH_GRADE,2837942942
Grata,Tupper,gtupper4d@latimes.com,21-05-2023,HIGH_SCHOOL_1TH_GRADE,9288594175
Roma,Jewitt,rjewitt4e@bigcartel.com,23-02-2023,HIGH_SCHOOL_1TH_GRADE,3378006636
Raf,Sillick,rsillick4f@hud.gov,20-07-2021,HIGH_SCHOOL_1TH_GRADE,4336534417
Sawyere,Blampey,sblampey4g@themeforest.net,18-01-2022,HIGH_SCHOOL_1TH_GRADE,4513742868
Daile,Dyball,ddyball4h@fastcompany.com,24-08-2023,HIGH_SCHOOL_1TH_GRADE,2619107495
Arnoldo,Rossetti,arossetti4i@ow.ly,02-10-2023,HIGH_SCHOOL_1TH_GRADE,4418814396
Stillman,Remer,sremer4j@vinaora.com,09-06-2023,HIGH_SCHOOL_1TH_GRADE,9702099750
Berti,Callander,bcallander4k@cnbc.com,29-12-2021,HIGH_SCHOOL_1TH_GRADE,5933782312
Charmian,Cabrer,ccabrer4l@kickstarter.com,10-10-2022,HIGH_SCHOOL_1TH_GRADE,8497468346
Vally,Sendall,vsendall4m@cocolog-nifty.com,14-08-2023,HIGH_SCHOOL_1TH_GRADE,3596366328
Loralyn,Packe,lpacke4n@ehow.com,20-02-2022,HIGH_SCHOOL_1TH_GRADE,5409874618
Donelle,Sketcher,dsketcher4o@wikimedia.org,06-03-2022,HIGH_SCHOOL_1TH_GRADE,5376529921
Marvin,Bretherton,mbretherton4p@biglobe.ne.jp,07-09-2022,HIGH_SCHOOL_1TH_GRADE,7948291421
Dorine,Verbruggen,dverbruggen4q@constantcontact.com,15-06-2023,HIGH_SCHOOL_1TH_GRADE,6118041589
Gaylene,Jirzik,gjirzik4r@google.com.hk,08-09-2023,HIGH_SCHOOL_1TH_GRADE,2379032363
Quinlan,Crosetti,qcrosetti4s@wordpress.com,08-02-2022,HIGH_SCHOOL_1TH_GRADE,4498230843
Kalindi,Redmayne,kredmayne4t@nature.com,06-02-2022,HIGH_SCHOOL_1TH_GRADE,5024752549
Mallory,Bushaway,mbushaway4u@npr.org,16-07-2022,HIGH_SCHOOL_1TH_GRADE,3969057647
Hailee,Colliss,hcolliss4v@yelp.com,21-06-2022,HIGH_SCHOOL_1TH_GRADE,3208003876
Germain,Shrigley,gshrigley4w@canalblog.com,30-12-2022,HIGH_SCHOOL_1TH_GRADE,2485519505
Kessiah,Springthorpe,kspringthorpe4x@hibu.com,16-06-2023,HIGH_SCHOOL_1TH_GRADE,9298975078
Rip,Moran,rmoran4y@intel.com,06-08-2023,HIGH_SCHOOL_1TH_GRADE,5224024786
Giraud,Peverell,gpeverell4z@amazon.co.uk,08-12-2022,HIGH_SCHOOL_1TH_GRADE,1216424294
Margot,Dockray,mdockray50@wikipedia.org,03-10-2022,HIGH_SCHOOL_1TH_GRADE,4783064644
Alfie,Vaulkhard,avaulkhard51@joomla.org,01-04-2023,HIGH_SCHOOL_1TH_GRADE,6155401977
Agustin,Andor,aandor52@pcworld.com,09-10-2022,HIGH_SCHOOL_1TH_GRADE,4701350565
Giles,Ponder,gponder53@lycos.com,27-11-2021,HIGH_SCHOOL_1TH_GRADE,6953752519
Moira,Rippen,mrippen54@networkadvertising.org,22-09-2021,HIGH_SCHOOL_1TH_GRADE,2018243160
Estell,Proudler,eproudler55@un.org,20-02-2022,HIGH_SCHOOL_1TH_GRADE,1887248585
Pepito,Sauvage,psauvage56@java.com,30-03-2023,HIGH_SCHOOL_1TH_GRADE,2004273533
Clari,Ranscombe,cranscombe57@instagram.com,20-05-2022,HIGH_SCHOOL_1TH_GRADE,7251406852
Katleen,Izkovitch,kizkovitch58@rambler.ru,28-06-2022,HIGH_SCHOOL_1TH_GRADE,5447481640
Yelena,Saltmarsh,ysaltmarsh59@google.it,11-10-2021,HIGH_SCHOOL_1TH_GRADE,9789161452
Marlin,Lowre,mlowre5a@adobe.com,15-05-2023,HIGH_SCHOOL_1TH_GRADE,2816593710
Tabbi,Beeckx,tbeeckx5b@symantec.com,22-03-2022,HIGH_SCHOOL_1TH_GRADE,5673802608
Jackelyn,Tant,jtant5c@pen.io,24-07-2021,HIGH_SCHOOL_1TH_GRADE,4619744600
Lek,Clilverd,lclilverd5d@geocities.com,18-08-2023,HIGH_SCHOOL_1TH_GRADE,1721739420
Perren,Kemmons,pkemmons5e@dyndns.org,29-10-2022,HIGH_SCHOOL_1TH_GRADE,2375294130
Felike,Haws,fhaws5f@upenn.edu,24-10-2022,HIGH_SCHOOL_1TH_GRADE,4809891946
Philly,Martel,pmartel5g@facebook.com,02-09-2023,HIGH_SCHOOL_1TH_GRADE,3781248064
Kessiah,Mitchall,kmitchall5h@alexa.com,11-10-2022,HIGH_SCHOOL_1TH_GRADE,6394802821
Trudy,Capron,tcapron5i@163.com,21-06-2023,HIGH_SCHOOL_1TH_GRADE,1271211103
Shermy,Fevier,sfevier5j@ask.com,04-04-2023,HIGH_SCHOOL_1TH_GRADE,3712743796
Corbet,Krol,ckrol5k@phpbb.com,26-12-2021,HIGH_SCHOOL_1TH_GRADE,6389832511
Theodore,Whitehair,twhitehair5l@discuz.net,19-10-2023,HIGH_SCHOOL_1TH_GRADE,2843825460
Ash,Ohlsen,aohlsen5m@miibeian.gov.cn,12-03-2022,HIGH_SCHOOL_1TH_GRADE,2812271473
Madlin,Fish,mfish5n@ucsd.edu,21-03-2022,HIGH_SCHOOL_1TH_GRADE,7243947279
Moselle,Baroch,mbaroch5o@wired.com,10-10-2021,HIGH_SCHOOL_1TH_GRADE,3566899337
Kare,Marklow,kmarklow5p@ted.com,22-11-2022,HIGH_SCHOOL_1TH_GRADE,2731871438
Rozanna,Blencoe,rblencoe5q@state.tx.us,17-07-2023,HIGH_SCHOOL_1TH_GRADE,9992304645
Dave,D'eathe,ddeathe5r@redcross.org,20-07-2022,HIGH_SCHOOL_1TH_GRADE,4766276512
Deirdre,Jojic,djojic5s@ucoz.com,19-09-2021,HIGH_SCHOOL_1TH_GRADE,4647078559
Claiborne,Bishopp,cbishopp5t@bravesites.com,30-08-2023,HIGH_SCHOOL_1TH_GRADE,9591058915
Isabeau,Mulloch,imulloch5u@webeden.co.uk,27-04-2023,HIGH_SCHOOL_1TH_GRADE,3905561336
Chance,Pedican,cpedican5v@apple.com,02-08-2021,HIGH_SCHOOL_1TH_GRADE,5697573189
Beale,Dunsmore,bdunsmore5w@shareasale.com,09-09-2022,HIGH_SCHOOL_1TH_GRADE,5031987910
Rodrigo,Ondracek,rondracek5x@clickbank.net,05-07-2022,HIGH_SCHOOL_1TH_GRADE,7469501376
Justina,Penwright,jpenwright5y@arstechnica.com,23-02-2023,HIGH_SCHOOL_1TH_GRADE,7711029937
Ravi,Anselmi,ranselmi5z@moonfruit.com,16-12-2021,HIGH_SCHOOL_1TH_GRADE,7092685033
Cosette,Lamp,clamp60@sbwire.com,29-06-2023,HIGH_SCHOOL_1TH_GRADE,7403310864
Leonardo,Lightfoot,llightfoot61@sitemeter.com,11-08-2021,HIGH_SCHOOL_1TH_GRADE,5571331388
Jarrod,Portinari,jportinari62@google.pl,12-01-2022,HIGH_SCHOOL_1TH_GRADE,1498174132
Addison,Laurisch,alaurisch63@tamu.edu,14-12-2021,HIGH_SCHOOL_1TH_GRADE,6198642664
Melisande,Collison,mcollison64@smugmug.com,21-02-2022,HIGH_SCHOOL_1TH_GRADE,7276743350
Aldric,Drever,adrever65@netlog.com,31-07-2023,HIGH_SCHOOL_1TH_GRADE,1072894080
Diarmid,Cosby,dcosby66@digg.com,17-06-2022,HIGH_SCHOOL_1TH_GRADE,4232323448
Maurine,Lane,mlane67@soundcloud.com,14-02-2022,HIGH_SCHOOL_1TH_GRADE,5038944202
Raynard,Coleridge,rcoleridge68@abc.net.au,23-10-2021,HIGH_SCHOOL_1TH_GRADE,2635332851
Jorie,Tellenbrok,jtellenbrok69@mapy.cz,16-01-2023,HIGH_SCHOOL_1TH_GRADE,2341537568
Bailey,Murtagh,bmurtagh6a@pen.io,20-08-2021,HIGH_SCHOOL_1TH_GRADE,7501473148
Dolley,Hearl,dhearl6b@hugedomains.com,30-11-2021,HIGH_SCHOOL_1TH_GRADE,3966750914
Irena,Naptin,inaptin6c@dot.gov,19-02-2023,HIGH_SCHOOL_1TH_GRADE,1255067905
Harris,Beminster,hbeminster6d@amazon.co.jp,01-01-2023,HIGH_SCHOOL_1TH_GRADE,3245404023
Merrily,Canwell,mcanwell6e@washingtonpost.com,25-12-2021,HIGH_SCHOOL_1TH_GRADE,2038233495
Therese,Vasilyevski,tvasilyevski6f@blogtalkradio.com,03-11-2023,HIGH_SCHOOL_1TH_GRADE,8431095847
Nessi,Cattel,ncattel6g@so-net.ne.jp,26-02-2022,HIGH_SCHOOL_1TH_GRADE,3047799497
Bonnie,Kenen,bkenen6h@stumbleupon.com,21-07-2023,HIGH_SCHOOL_1TH_GRADE,1871227758
Vidovik,Chanson,vchanson6i@forbes.com,14-12-2022,HIGH_SCHOOL_1TH_GRADE,5758766045
Bernadette,Foulstone,bfoulstone6j@about.com,28-10-2023,HIGH_SCHOOL_1TH_GRADE,9222664317
Stacie,Brophy,sbrophy6k@example.com,19-06-2022,HIGH_SCHOOL_1TH_GRADE,6193623225
Trumaine,Bohike,tbohike6l@opera.com,23-03-2022,HIGH_SCHOOL_1TH_GRADE,8547074570
Mellisa,Sayle,msayle6m@bing.com,13-08-2022,HIGH_SCHOOL_1TH_GRADE,3016958445
Christina,Deare,cdeare6n@unesco.org,14-11-2021,HIGH_SCHOOL_1TH_GRADE,1081057224
Randolph,Nanelli,rnanelli6o@google.com.hk,31-08-2021,HIGH_SCHOOL_1TH_GRADE,2378653508
Aubry,Ragborne,aragborne6p@themeforest.net,16-01-2023,HIGH_SCHOOL_1TH_GRADE,9455779698
Cherianne,Davidovitz,cdavidovitz6q@chicagotribune.com,17-11-2021,HIGH_SCHOOL_1TH_GRADE,3862105137
Nikos,Beeke,nbeeke6r@flavors.me,27-07-2023,HIGH_SCHOOL_1TH_GRADE,9222912912
Adeline,Worthy,aworthy6s@hc360.com,19-01-2022,HIGH_SCHOOL_1TH_GRADE,5579008477
Millisent,Lowthorpe,mlowthorpe6t@marketwatch.com,15-09-2022,HIGH_SCHOOL_1TH_GRADE,3296045608
Oliy,Quilkin,oquilkin6u@alexa.com,26-02-2022,HIGH_SCHOOL_1TH_GRADE,3041688042
Freida,Mattiello,fmattiello6v@dailymail.co.uk,22-08-2022,HIGH_SCHOOL_1TH_GRADE,8751376459
Jeannette,McEwen,jmcewen6w@home.pl,09-08-2023,HIGH_SCHOOL_1TH_GRADE,4041226191
Peggi,Derham,pderham6x@goodreads.com,15-05-2022,HIGH_SCHOOL_1TH_GRADE,7784365398
Worthington,Pilmoor,wpilmoor6y@accuweather.com,10-12-2022,HIGH_SCHOOL_1TH_GRADE,8776642354
Othello,Cassidy,ocassidy6z@phpbb.com,12-07-2023,HIGH_SCHOOL_1TH_GRADE,9869518780
Andra,Stoyle,astoyle70@mail.ru,14-05-2023,HIGH_SCHOOL_1TH_GRADE,3019925098
Cart,Haysom,chaysom71@cisco.com,14-08-2021,HIGH_SCHOOL_1TH_GRADE,5857065856
Isabella,Wasiel,iwasiel72@mtv.com,30-01-2022,HIGH_SCHOOL_1TH_GRADE,1538996969
Susann,Antoons,santoons73@elpais.com,09-04-2023,HIGH_SCHOOL_1TH_GRADE,5038992644
Christye,Aronowicz,caronowicz74@imageshack.us,03-06-2023,HIGH_SCHOOL_1TH_GRADE,7814664338
Fionna,Smellie,fsmellie75@privacy.gov.au,29-03-2022,HIGH_SCHOOL_1TH_GRADE,5989638043
Birgit,Greenlees,bgreenlees76@icio.us,25-10-2023,HIGH_SCHOOL_1TH_GRADE,8721245681
Ashton,Silkstone,asilkstone77@canalblog.com,30-12-2022,HIGH_SCHOOL_1TH_GRADE,2078937375
Cobb,Nairy,cnairy78@e-recht24.de,11-09-2022,HIGH_SCHOOL_1TH_GRADE,1876689041
Edouard,Luckey,eluckey79@sciencedirect.com,12-08-2022,HIGH_SCHOOL_1TH_GRADE,8563226951
Clotilda,Silverstone,csilverstone7a@eepurl.com,27-10-2021,HIGH_SCHOOL_1TH_GRADE,7992830663
Phylys,Edge,pedge7b@woothemes.com,27-11-2021,HIGH_SCHOOL_1TH_GRADE,7837941501
Cyndy,Twamley,ctwamley7c@hugedomains.com,17-10-2022,HIGH_SCHOOL_1TH_GRADE,3754259627
Quillan,Ubsdell,qubsdell7d@hugedomains.com,09-03-2023,HIGH_SCHOOL_1TH_GRADE,2026113866
Yalonda,Liveley,yliveley7e@xrea.com,06-02-2023,HIGH_SCHOOL_1TH_GRADE,9499003695
Garwin,Mardee,gmardee7f@cyberchimps.com,17-02-2023,HIGH_SCHOOL_1TH_GRADE,3786992584
Ania,Allsop,aallsop7g@studiopress.com,17-03-2022,HIGH_SCHOOL_1TH_GRADE,7301641947
Clim,Macartney,cmacartney7h@virginia.edu,04-10-2023,HIGH_SCHOOL_1TH_GRADE,7192404428
Simonne,Urwen,surwen7i@mapy.cz,19-11-2022,HIGH_SCHOOL_1TH_GRADE,2518240990
Craggy,Mellish,cmellish7j@360.cn,07-04-2022,HIGH_SCHOOL_1TH_GRADE,3555080701
Zoe,Talby,ztalby7k@biglobe.ne.jp,02-07-2022,HIGH_SCHOOL_1TH_GRADE,1622922461
Kermy,Bannell,kbannell7l@123-reg.co.uk,30-06-2022,HIGH_SCHOOL_1TH_GRADE,8158485199
Antonella,Guslon,aguslon7m@elegantthemes.com,05-01-2022,HIGH_SCHOOL_1TH_GRADE,6602391068
Denny,Asplen,dasplen7n@cnet.com,23-11-2021,HIGH_SCHOOL_1TH_GRADE,7503585245
Friedrich,Adamo,fadamo7o@photobucket.com,05-11-2021,HIGH_SCHOOL_1TH_GRADE,4639264094
Nathanial,Innott,ninnott7p@google.com,16-03-2022,HIGH_SCHOOL_1TH_GRADE,1882625784
Pamela,Rontree,prontree7q@answers.com,08-01-2023,HIGH_SCHOOL_1TH_GRADE,8753061026
Ardyce,Jirusek,ajirusek7r@oaic.gov.au,11-09-2021,HIGH_SCHOOL_1TH_GRADE,7331145196
Maurise,Andersch,mandersch7s@digg.com,13-09-2023,HIGH_SCHOOL_1TH_GRADE,8806049987
Bess,Luby,bluby7t@storify.com,15-01-2023,HIGH_SCHOOL_1TH_GRADE,1006977044
Moe,Maslen,mmaslen7u@macromedia.com,17-05-2023,HIGH_SCHOOL_1TH_GRADE,4337396141
Alano,Oglethorpe,aoglethorpe7v@apache.org,30-11-2021,HIGH_SCHOOL_1TH_GRADE,3228162621
Elana,Viner,eviner7w@tmall.com,02-12-2021,HIGH_SCHOOL_1TH_GRADE,3854024012
Horatius,Kunneke,hkunneke7x@t-online.de,11-08-2022,HIGH_SCHOOL_1TH_GRADE,3099206874
Waylon,Barthot,wbarthot7y@netlog.com,20-07-2021,HIGH_SCHOOL_1TH_GRADE,8562958758
Pearl,Valentinuzzi,pvalentinuzzi7z@epa.gov,19-05-2023,HIGH_SCHOOL_1TH_GRADE,1816646192
Starla,Reditt,sreditt80@mozilla.com,15-09-2021,HIGH_SCHOOL_1TH_GRADE,3816035985
Donny,Hawgood,dhawgood81@wordpress.org,05-04-2023,HIGH_SCHOOL_1TH_GRADE,6289289370
Sara,Daniely,sdaniely82@histats.com,08-09-2023,HIGH_SCHOOL_1TH_GRADE,5574059372
Marilee,Hockell,mhockell83@arstechnica.com,14-03-2023,HIGH_SCHOOL_1TH_GRADE,5747657538
Maddie,Defond,mdefond84@go.com,20-03-2022,HIGH_SCHOOL_1TH_GRADE,4811511223
Harlan,Parminter,hparminter85@livejournal.com,12-01-2022,HIGH_SCHOOL_1TH_GRADE,5923528146
Torey,Mustarde,tmustarde86@squidoo.com,22-06-2022,HIGH_SCHOOL_1TH_GRADE,1642566751
Gardy,Bickley,gbickley87@nps.gov,22-10-2023,HIGH_SCHOOL_1TH_GRADE,3651696048
Blakeley,Easlea,beaslea88@ocn.ne.jp,14-07-2023,HIGH_SCHOOL_1TH_GRADE,1357416237
Kimmie,Hackin,khackin89@theatlantic.com,28-10-2021,HIGH_SCHOOL_1TH_GRADE,4681721490
Vail,Bolt,vbolt8a@eventbrite.com,27-10-2022,HIGH_SCHOOL_1TH_GRADE,1145246086
Meryl,Lurcock,mlurcock8b@tuttocitta.it,23-12-2021,HIGH_SCHOOL_1TH_GRADE,4475881713
Garvey,Didball,gdidball8c@miitbeian.gov.cn,18-11-2022,HIGH_SCHOOL_1TH_GRADE,1493868906
Wally,Uridge,wuridge8d@jigsy.com,06-04-2023,HIGH_SCHOOL_1TH_GRADE,4835792444
Georges,Reeman,greeman8e@joomla.org,03-11-2021,HIGH_SCHOOL_1TH_GRADE,6234750439
Beverie,Pirie,bpirie8f@google.ru,23-08-2021,HIGH_SCHOOL_1TH_GRADE,9898858949
Sly,Blackstock,sblackstock8g@mapquest.com,18-09-2022,HIGH_SCHOOL_1TH_GRADE,2864171908
Merill,Radborne,mradborne8h@simplemachines.org,03-11-2023,HIGH_SCHOOL_1TH_GRADE,7866522822
Loretta,Golston,lgolston8i@cbslocal.com,27-09-2021,HIGH_SCHOOL_1TH_GRADE,2817479959
Conn,Lofthouse,clofthouse8j@berkeley.edu,25-06-2022,HIGH_SCHOOL_1TH_GRADE,7872741753
Andrei,Chedgey,achedgey8k@google.fr,23-07-2022,HIGH_SCHOOL_1TH_GRADE,2173473655
Giraud,Carus,gcarus8l@imageshack.us,14-05-2022,HIGH_SCHOOL_1TH_GRADE,6404788653
Mortimer,Chalice,mchalice8m@epa.gov,25-07-2023,HIGH_SCHOOL_1TH_GRADE,4917461170
Ludovico,Paradis,lparadis8n@ning.com,02-10-2023,HIGH_SCHOOL_1TH_GRADE,3734829428
Maude,Walework,mwalework8o@4shared.com,01-10-2023,HIGH_SCHOOL_1TH_GRADE,7876119143
Ambrosi,Bloom,abloom8p@tmall.com,04-07-2023,HIGH_SCHOOL_1TH_GRADE,3288444498
Gerald,McParland,gmcparland8q@taobao.com,30-07-2021,HIGH_SCHOOL_1TH_GRADE,3364845402
Teresa,Snailham,tsnailham8r@archive.org,06-09-2022,HIGH_SCHOOL_1TH_GRADE,2592000991
Kelcy,Embleton,kembleton8s@guardian.co.uk,26-10-2022,HIGH_SCHOOL_1TH_GRADE,5369273873
Tommy,Blest,tblest8t@creativecommons.org,05-08-2021,HIGH_SCHOOL_1TH_GRADE,1885329120
Ferrel,Atger,fatger8u@yale.edu,03-01-2023,HIGH_SCHOOL_1TH_GRADE,5206724547
Marty,Cough,mcough8v@digg.com,23-08-2021,HIGH_SCHOOL_1TH_GRADE,3703528326
Konstance,Domelaw,kdomelaw8w@narod.ru,04-12-2021,HIGH_SCHOOL_1TH_GRADE,3451050472
Reed,Borell,rborell8x@webs.com,28-10-2023,HIGH_SCHOOL_1TH_GRADE,5162497958
Bianca,Bramstom,bbramstom8y@bandcamp.com,03-12-2021,HIGH_SCHOOL_1TH_GRADE,2563416531
Harli,Bandey,hbandey8z@blogspot.com,01-12-2021,HIGH_SCHOOL_1TH_GRADE,5573515854
Ines,Henriksson,ihenriksson90@npr.org,07-09-2021,HIGH_SCHOOL_1TH_GRADE,5841111966
Leela,Lindhe,llindhe91@reddit.com,05-12-2022,HIGH_SCHOOL_1TH_GRADE,1812625066
Libby,Notley,lnotley92@comsenz.com,12-10-2022,HIGH_SCHOOL_1TH_GRADE,6745376424
Rochette,Buckam,rbuckam93@wikispaces.com,18-09-2021,HIGH_SCHOOL_1TH_GRADE,1375399950
Marshal,Stronge,mstronge94@cisco.com,24-10-2023,HIGH_SCHOOL_1TH_GRADE,5334149609
Esta,Blanch,eblanch95@java.com,23-04-2023,HIGH_SCHOOL_1TH_GRADE,1958804505
Roddie,Pinder,rpinder96@ca.gov,12-08-2021,HIGH_SCHOOL_1TH_GRADE,4039285982
Gan,Josefovic,gjosefovic97@zimbio.com,10-03-2022,HIGH_SCHOOL_1TH_GRADE,3178291226
Leigha,Downie,ldownie98@gnu.org,19-10-2022,HIGH_SCHOOL_1TH_GRADE,8582483296
Ruthe,Dizlie,rdizlie99@macromedia.com,04-05-2023,HIGH_SCHOOL_1TH_GRADE,3543070523
Robb,Denyakin,rdenyakin9a@scientificamerican.com,08-11-2023,HIGH_SCHOOL_1TH_GRADE,6139192318
Torey,McKain,tmckain9b@rediff.com,02-06-2022,HIGH_SCHOOL_1TH_GRADE,9832773854
Delainey,Paternoster,dpaternoster9c@shinystat.com,06-10-2021,HIGH_SCHOOL_1TH_GRADE,7031184758
Margaretta,Brede,mbrede9d@prlog.org,14-03-2023,HIGH_SCHOOL_1TH_GRADE,6299661332
Melvyn,Petrushka,mpetrushka9e@qq.com,05-03-2023,HIGH_SCHOOL_1TH_GRADE,6323566866
Edmund,Bousfield,ebousfield9f@squarespace.com,13-08-2022,HIGH_SCHOOL_1TH_GRADE,3423120425
Emalee,Frankis,efrankis9g@linkedin.com,22-07-2022,HIGH_SCHOOL_1TH_GRADE,3209868923
Krystyna,Wylder,kwylder9h@twitpic.com,14-05-2023,HIGH_SCHOOL_1TH_GRADE,2902845578
Joycelin,Devon,jdevon9i@mtv.com,27-09-2022,HIGH_SCHOOL_1TH_GRADE,9502686595
Wrennie,Skipsea,wskipsea9j@si.edu,07-02-2023,HIGH_SCHOOL_1TH_GRADE,5741897691
Beatrice,Bracken,bbracken9k@flavors.me,25-07-2023,HIGH_SCHOOL_1TH_GRADE,6166483333
Nickolaus,Muckle,nmuckle9l@toplist.cz,26-08-2023,HIGH_SCHOOL_1TH_GRADE,3922602518
Rheta,Jeskin,rjeskin9m@zdnet.com,23-03-2023,HIGH_SCHOOL_1TH_GRADE,2688144290
Rob,Franz,rfranz9n@oaic.gov.au,18-05-2023,HIGH_SCHOOL_1TH_GRADE,4581145557
Dwain,Linnemann,dlinnemann9o@miibeian.gov.cn,28-04-2022,HIGH_SCHOOL_1TH_GRADE,8398407008
Garnet,Apted,gapted9p@hhs.gov,24-03-2023,HIGH_SCHOOL_1TH_GRADE,4528740522
Gert,Checo,gcheco9q@cargocollective.com,27-12-2021,HIGH_SCHOOL_1TH_GRADE,6541794083
Jaye,Rulten,jrulten9r@wunderground.com,18-10-2022,HIGH_SCHOOL_1TH_GRADE,8783264358
Ranna,Saintpierre,rsaintpierre9s@over-blog.com,09-10-2023,HIGH_SCHOOL_1TH_GRADE,5167342539
Marcus,Molyneux,mmolyneux9t@jalbum.net,12-08-2021,HIGH_SCHOOL_1TH_GRADE,3797746352
Angelico,Domini,adomini9u@domainmarket.com,29-10-2023,HIGH_SCHOOL_1TH_GRADE,6819588331
Wadsworth,Shoorbrooke,wshoorbrooke9v@mit.edu,16-08-2023,HIGH_SCHOOL_1TH_GRADE,6065776133
Aime,Domerq,adomerq9w@ca.gov,25-10-2022,HIGH_SCHOOL_1TH_GRADE,2513199204
Kai,Windybank,kwindybank9x@amazon.co.jp,15-06-2023,HIGH_SCHOOL_1TH_GRADE,2709722083
Vale,Zoellner,vzoellner9y@pbs.org,14-09-2023,HIGH_SCHOOL_1TH_GRADE,8272896878
Demetre,Ruit,druit9z@a8.net,26-04-2022,HIGH_SCHOOL_1TH_GRADE,8631690253
Ingeberg,Von Oertzen,ivonoertzena0@google.nl,01-03-2022,HIGH_SCHOOL_1TH_GRADE,2731369359
Westleigh,Heijnen,wheijnena1@mozilla.org,19-11-2022,HIGH_SCHOOL_1TH_GRADE,9408080954
Konstantin,Loton,klotona2@ezinearticles.com,28-08-2022,HIGH_SCHOOL_1TH_GRADE,7088453599
Konstanze,Fellgatt,kfellgatta3@1und1.de,27-06-2023,HIGH_SCHOOL_1TH_GRADE,6804944663
Hoebart,Auten,hautena4@hud.gov,05-11-2023,HIGH_SCHOOL_1TH_GRADE,3948504753
Harri,Bradden,hbraddena5@disqus.com,05-05-2022,HIGH_SCHOOL_1TH_GRADE,5766101508
Fonsie,Shemelt,fshemelta6@ezinearticles.com,14-04-2022,HIGH_SCHOOL_1TH_GRADE,6593369541
Annie,Burren,aburrena7@wikia.com,12-09-2023,HIGH_SCHOOL_1TH_GRADE,5927920074
Gisele,Balma,gbalmaa8@techcrunch.com,01-09-2023,HIGH_SCHOOL_1TH_GRADE,4743977411
Ashien,Duff,aduffa9@yahoo.com,18-10-2023,HIGH_SCHOOL_1TH_GRADE,5064419889
Ina,Sills,isillsaa@rediff.com,20-12-2021,HIGH_SCHOOL_1TH_GRADE,8615098341
Terrel,Eldrett,teldrettab@typepad.com,13-08-2021,HIGH_SCHOOL_1TH_GRADE,5619996119
Doralyn,MacAughtrie,dmacaughtrieac@sohu.com,07-01-2023,HIGH_SCHOOL_1TH_GRADE,5457694363
Diann,De Ruggiero,dderuggieroad@google.fr,28-11-2021,HIGH_SCHOOL_1TH_GRADE,9304272787
Mattheus,Prosch,mproschae@nbcnews.com,25-11-2021,HIGH_SCHOOL_1TH_GRADE,6587960488
Falito,Shropsheir,fshropsheiraf@pbs.org,21-03-2022,HIGH_SCHOOL_1TH_GRADE,3183076490
Bee,Cundict,bcundictag@wikimedia.org,13-11-2022,HIGH_SCHOOL_1TH_GRADE,5348371917
Irwin,Whaley,iwhaleyah@newyorker.com,17-10-2021,HIGH_SCHOOL_1TH_GRADE,6967205006
Cayla,Birnie,cbirnieai@youtu.be,12-11-2021,HIGH_SCHOOL_1TH_GRADE,1963063424
Werner,Baynes,wbaynesaj@walmart.com,13-07-2021,HIGH_SCHOOL_1TH_GRADE,9027089684
Shaine,Kinner,skinnerak@usatoday.com,13-04-2022,HIGH_SCHOOL_1TH_GRADE,9877786986
Garold,Twentyman,gtwentymanal@alibaba.com,21-01-2023,HIGH_SCHOOL_1TH_GRADE,4277775018
Evyn,Cabrera,ecabreraam@hp.com,16-11-2023,HIGH_SCHOOL_1TH_GRADE,4807176170
Dav,Jardin,djardinan@hud.gov,02-10-2023,HIGH_SCHOOL_1TH_GRADE,4705804409
Andria,Gossage,agossageao@newyorker.com,12-08-2021,HIGH_SCHOOL_1TH_GRADE,1512965204
Sherwood,Jenks,sjenksap@etsy.com,18-12-2021,HIGH_SCHOOL_1TH_GRADE,7387973671
Sibel,Shannahan,sshannahanaq@unicef.org,31-10-2023,HIGH_SCHOOL_1TH_GRADE,6662866493
Roselia,Reen,rreenar@bloomberg.com,27-03-2023,HIGH_SCHOOL_1TH_GRADE,8499246891
Amelina,Dislee,adisleeas@auda.org.au,05-07-2023,HIGH_SCHOOL_1TH_GRADE,6905877132
Elvin,Male,emaleat@hp.com,25-06-2023,HIGH_SCHOOL_1TH_GRADE,8165462176
Arvin,Tenney,atenneyau@studiopress.com,25-03-2022,HIGH_SCHOOL_1TH_GRADE,3285303008
Zondra,Luckman,zluckmanav@reference.com,14-09-2023,HIGH_SCHOOL_1TH_GRADE,7842317705
Bernetta,Jeness,bjenessaw@geocities.jp,03-06-2023,HIGH_SCHOOL_1TH_GRADE,7078897547
Cassandry,Canning,ccanningax@spotify.com,16-10-2021,HIGH_SCHOOL_1TH_GRADE,5077142647
Andros,Steabler,asteableray@webnode.com,14-12-2022,HIGH_SCHOOL_1TH_GRADE,9715440506
Gusti,Dumingos,gdumingosaz@last.fm,11-05-2022,HIGH_SCHOOL_1TH_GRADE,8324769580
Rosalia,Nelthorp,rnelthorpb0@npr.org,26-01-2023,HIGH_SCHOOL_1TH_GRADE,6758843363
Packston,Froggatt,pfroggattb1@telegraph.co.uk,13-10-2022,HIGH_SCHOOL_1TH_GRADE,7073702223
Gerrie,Matthesius,gmatthesiusb2@google.ru,17-11-2022,HIGH_SCHOOL_1TH_GRADE,6184822031
Catharine,Sheards,csheardsb3@oaic.gov.au,27-01-2023,HIGH_SCHOOL_1TH_GRADE,7292482629
Basia,Musselwhite,bmusselwhiteb4@npr.org,23-02-2023,HIGH_SCHOOL_1TH_GRADE,7753786601
Idelle,Bulstrode,ibulstrodeb5@ifeng.com,13-11-2022,HIGH_SCHOOL_1TH_GRADE,4018090973
Caren,Templar,ctemplarb6@chicagotribune.com,21-05-2023,HIGH_SCHOOL_1TH_GRADE,1924633230
Cathi,Sictornes,csictornesb7@gizmodo.com,16-09-2023,HIGH_SCHOOL_1TH_GRADE,6519878540
Cecilla,Dean,cdeanb8@army.mil,11-08-2023,HIGH_SCHOOL_1TH_GRADE,8395112668
Jaine,Brocket,jbrocketb9@furl.net,06-11-2021,HIGH_SCHOOL_1TH_GRADE,5421614347
Natty,Warrender,nwarrenderba@nymag.com,30-09-2021,HIGH_SCHOOL_1TH_GRADE,9902345988
Minerva,Shailer,mshailerbb@themeforest.net,24-10-2022,HIGH_SCHOOL_1TH_GRADE,2393822339
Melinde,Olin,molinbc@umich.edu,29-08-2022,HIGH_SCHOOL_1TH_GRADE,2526463602
Elisha,Lowdiane,elowdianebd@wikispaces.com,01-04-2023,HIGH_SCHOOL_1TH_GRADE,6031121733
Beulah,Sanger,bsangerbe@constantcontact.com,27-03-2022,HIGH_SCHOOL_1TH_GRADE,8161796148
Clarette,Damrell,cdamrellbf@123-reg.co.uk,25-06-2022,HIGH_SCHOOL_1TH_GRADE,7493563280
Ola,Stalf,ostalfbg@howstuffworks.com,20-12-2021,HIGH_SCHOOL_1TH_GRADE,6499824732
Winnie,Shirtcliffe,wshirtcliffebh@wordpress.com,15-12-2022,HIGH_SCHOOL_1TH_GRADE,3122197188
Gaylord,Melloi,gmelloibi@ed.gov,24-08-2022,HIGH_SCHOOL_1TH_GRADE,4653850706
Silvia,Kleinsinger,skleinsingerbj@ebay.co.uk,25-07-2022,HIGH_SCHOOL_1TH_GRADE,4282951629
Zaccaria,Henningham,zhenninghambk@disqus.com,24-08-2023,HIGH_SCHOOL_1TH_GRADE,5175181233
Rosamond,Peiro,rpeirobl@fotki.com,03-04-2022,HIGH_SCHOOL_1TH_GRADE,9012410216
Blondelle,Bovaird,bbovairdbm@biglobe.ne.jp,27-11-2021,HIGH_SCHOOL_1TH_GRADE,9294343992
Jordanna,Roizn,jroiznbn@china.com.cn,10-01-2022,HIGH_SCHOOL_1TH_GRADE,3418731893
Arvie,Jakubiak,ajakubiakbo@state.tx.us,22-10-2021,HIGH_SCHOOL_1TH_GRADE,7611127296
Rafi,Dimanche,rdimanchebp@jimdo.com,26-02-2023,HIGH_SCHOOL_1TH_GRADE,5526386415
Raf,Ogus,rogusbq@geocities.com,02-05-2022,HIGH_SCHOOL_1TH_GRADE,6757837725
Ofelia,Arias,oariasbr@independent.co.uk,06-11-2021,HIGH_SCHOOL_1TH_GRADE,9919226114
Carilyn,Berick,cberickbs@google.cn,20-10-2022,HIGH_SCHOOL_1TH_GRADE,6971432243
Mohandis,Bartak,mbartakbt@yale.edu,21-02-2023,HIGH_SCHOOL_1TH_GRADE,9941832451
Gino,Keys,gkeysbu@paginegialle.it,01-01-2022,HIGH_SCHOOL_1TH_GRADE,6508310003
Karon,Hubbold,khubboldbv@goo.gl,07-04-2022,HIGH_SCHOOL_1TH_GRADE,5728201611
Killie,Neasam,kneasambw@pbs.org,19-06-2023,HIGH_SCHOOL_1TH_GRADE,5032835430
Lula,Massey,lmasseybx@tuttocitta.it,04-07-2023,HIGH_SCHOOL_1TH_GRADE,8812205464
Boy,Kightly,bkightlyby@shinystat.com,03-10-2021,HIGH_SCHOOL_1TH_GRADE,4809657093
Humphrey,Schuelcke,hschuelckebz@economist.com,29-06-2023,HIGH_SCHOOL_1TH_GRADE,4792958739
Karalynn,Shipley,kshipleyc0@homestead.com,13-09-2021,HIGH_SCHOOL_1TH_GRADE,9933471008
Collete,Elsmere,celsmerec1@taobao.com,13-09-2022,HIGH_SCHOOL_1TH_GRADE,4505208227
Roth,Hayter,rhayterc2@dion.ne.jp,29-07-2023,HIGH_SCHOOL_1TH_GRADE,3708008503
Jeff,Euesden,jeuesdenc3@prlog.org,15-11-2023,HIGH_SCHOOL_1TH_GRADE,6833619802
Mureil,Mayman,mmaymanc4@samsung.com,24-05-2023,HIGH_SCHOOL_1TH_GRADE,3184744660
Reggie,Tidder,rtidderc5@godaddy.com,02-04-2022,HIGH_SCHOOL_1TH_GRADE,3995611259
Staci,Trotton,strottonc6@ftc.gov,07-04-2022,HIGH_SCHOOL_1TH_GRADE,7437761415
Kipper,Baston,kbastonc7@angelfire.com,14-05-2023,HIGH_SCHOOL_1TH_GRADE,3916741857
Mal,Garred,mgarredc8@tripod.com,24-12-2022,HIGH_SCHOOL_1TH_GRADE,9825800855
Elwira,Aldcorne,ealdcornec9@tripod.com,18-12-2021,HIGH_SCHOOL_1TH_GRADE,5859308761
Morgan,Kielt,mkieltca@artisteer.com,01-12-2022,HIGH_SCHOOL_1TH_GRADE,8155810346
Eartha,Studholme,estudholmecb@sciencedaily.com,01-03-2022,HIGH_SCHOOL_1TH_GRADE,7944574193
Arlie,Dyer,adyercc@pen.io,04-09-2023,HIGH_SCHOOL_1TH_GRADE,1209276475
Egor,Demaid,edemaidcd@uol.com.br,04-10-2022,HIGH_SCHOOL_1TH_GRADE,1697288481
Carrissa,Gillise,cgillisece@addthis.com,15-06-2022,HIGH_SCHOOL_1TH_GRADE,8608026394
Margalit,Buckler,mbucklercf@soundcloud.com,10-11-2022,HIGH_SCHOOL_1TH_GRADE,5694805289
Nestor,Harlick,nharlickcg@opensource.org,19-01-2023,HIGH_SCHOOL_1TH_GRADE,8506496962
Trixie,Holdron,tholdronch@squidoo.com,06-12-2022,HIGH_SCHOOL_1TH_GRADE,9229958362
Myranda,Doge,mdogeci@lycos.com,13-05-2022,HIGH_SCHOOL_1TH_GRADE,3778344025
Nesta,Guildford,nguildfordcj@state.gov,03-06-2023,HIGH_SCHOOL_1TH_GRADE,1263689308
Katie,Keen,kkeenck@time.com,03-09-2021,HIGH_SCHOOL_1TH_GRADE,9195277957
Cesaro,Iacopo,ciacopocl@foxnews.com,26-09-2021,HIGH_SCHOOL_1TH_GRADE,4674791089
Winnifred,Mumby,wmumbycm@illinois.edu,13-06-2022,HIGH_SCHOOL_1TH_GRADE,3978785596
Terence,Mainstone,tmainstonecn@livejournal.com,18-02-2022,HIGH_SCHOOL_1TH_GRADE,9863986477
Trudie,Fludder,tfludderco@imageshack.us,05-11-2022,HIGH_SCHOOL_1TH_GRADE,8867062862
Charleen,De Blase,cdeblasecp@exblog.jp,10-05-2022,HIGH_SCHOOL_1TH_GRADE,1678574705
Samara,Leetham,sleethamcq@github.com,19-05-2022,HIGH_SCHOOL_1TH_GRADE,6906142657
Wileen,Saw,wsawcr@foxnews.com,14-04-2023,HIGH_SCHOOL_1TH_GRADE,2193373685
Emmerich,Jery,ejerycs@webmd.com,27-02-2023,HIGH_SCHOOL_1TH_GRADE,9682209099
Allard,Prinne,aprinnect@altervista.org,19-11-2022,HIGH_SCHOOL_1TH_GRADE,7573862117
Lolita,Chinnery,lchinnerycu@google.com.hk,29-08-2021,HIGH_SCHOOL_1TH_GRADE,2734670990
Donella,Kittless,dkittlesscv@icq.com,16-07-2021,HIGH_SCHOOL_1TH_GRADE,5068524443
Burgess,Brittle,bbrittlecw@parallels.com,24-08-2022,HIGH_SCHOOL_1TH_GRADE,8097289227
Peggi,Corneille,pcorneillecx@flavors.me,11-07-2022,HIGH_SCHOOL_1TH_GRADE,3004319197
Mollee,Chasmor,mchasmorcy@tiny.cc,24-04-2022,HIGH_SCHOOL_1TH_GRADE,6909784526
Ginevra,Trembath,gtrembathcz@lycos.com,16-08-2022,HIGH_SCHOOL_1TH_GRADE,6977297276
Gwenny,Awcock,gawcockd0@prlog.org,30-01-2022,HIGH_SCHOOL_1TH_GRADE,1879955205
Gwendolin,Oxley,goxleyd1@about.me,28-09-2023,HIGH_SCHOOL_1TH_GRADE,7106980057
Babb,Levy,blevyd2@cafepress.com,23-03-2022,HIGH_SCHOOL_1TH_GRADE,5437447887
Ree,Minor,rminord3@nymag.com,18-12-2022,HIGH_SCHOOL_1TH_GRADE,8103335770
Minda,Fick,mfickd4@bing.com,27-01-2022,HIGH_SCHOOL_1TH_GRADE,1903524100
Merola,Josum,mjosumd5@admin.ch,09-01-2022,HIGH_SCHOOL_1TH_GRADE,9814128249
Willow,Turri,wturrid6@51.la,14-06-2022,HIGH_SCHOOL_1TH_GRADE,5353327447
Dosi,Willgoss,dwillgossd7@google.fr,08-10-2021,HIGH_SCHOOL_1TH_GRADE,2142431745
Arni,Martynka,amartynkad8@de.vu,02-05-2023,HIGH_SCHOOL_1TH_GRADE,2281903452
Dall,Gulvin,dgulvind9@phpbb.com,25-12-2022,HIGH_SCHOOL_1TH_GRADE,8249514626
Rochell,Trimme,rtrimmeda@exblog.jp,05-05-2022,HIGH_SCHOOL_1TH_GRADE,5653206483
Kahaleel,Blas,kblasdb@bbb.org,21-01-2023,HIGH_SCHOOL_1TH_GRADE,8377037787
Georgeanne,Craydon,gcraydondc@oaic.gov.au,04-01-2022,HIGH_SCHOOL_1TH_GRADE,9511399959
Marla,Brenstuhl,mbrenstuhldd@slashdot.org,15-09-2022,HIGH_SCHOOL_1TH_GRADE,1533163982
Peg,Lathwell,plathwellde@meetup.com,28-09-2022,HIGH_SCHOOL_1TH_GRADE,9633541696
Leilah,Dootson,ldootsondf@mashable.com,27-02-2023,HIGH_SCHOOL_1TH_GRADE,7439597940
Merrill,Coatsworth,mcoatsworthdg@dell.com,24-03-2022,HIGH_SCHOOL_1TH_GRADE,3195715452
Adlai,Tucker,atuckerdh@technorati.com,17-01-2023,HIGH_SCHOOL_1TH_GRADE,3337212988
Lock,Buntin,lbuntindi@hostgator.com,02-09-2021,HIGH_SCHOOL_1TH_GRADE,4721234063
Olvan,Abbey,oabbeydj@abc.net.au,29-07-2021,HIGH_SCHOOL_1TH_GRADE,4253012438
Hobart,Ridgeway,hridgewaydk@creativecommons.org,20-02-2022,HIGH_SCHOOL_1TH_GRADE,6404655246
Roselin,Verrillo,rverrillodl@sun.com,02-05-2022,HIGH_SCHOOL_1TH_GRADE,8057976588
Joellen,Cullrford,jcullrforddm@dailymotion.com,15-12-2022,HIGH_SCHOOL_1TH_GRADE,7577073517
Genvieve,Minchinden,gminchindendn@elpais.com,31-08-2022,HIGH_SCHOOL_1TH_GRADE,2015176781
Marleen,Cleyne,mcleynedo@jiathis.com,11-10-2023,HIGH_SCHOOL_1TH_GRADE,1101862220
Tracey,Legrand,tlegranddp@salon.com,26-04-2022,HIGH_SCHOOL_1TH_GRADE,9021612257
Agnola,Rhoades,arhoadesdq@pcworld.com,22-03-2022,HIGH_SCHOOL_1TH_GRADE,9141228066
Calvin,Della,cdelladr@webmd.com,17-10-2022,HIGH_SCHOOL_1TH_GRADE,1462747305
Gypsy,Ballendine,gballendineds@bbb.org,01-12-2021,HIGH_SCHOOL_1TH_GRADE,9459657104
Randie,Godilington,rgodilingtondt@privacy.gov.au,19-03-2023,HIGH_SCHOOL_1TH_GRADE,8751962138
Collie,Greenland,cgreenlanddu@yahoo.com,07-08-2021,HIGH_SCHOOL_1TH_GRADE,6512512427
Starlin,Trusse,strussedv@canalblog.com,30-12-2021,HIGH_SCHOOL_1TH_GRADE,4823692404
Elsy,Gudde,eguddedw@dedecms.com,15-12-2021,HIGH_SCHOOL_1TH_GRADE,5331035865
Cissy,Fantini,cfantinidx@bandcamp.com,24-01-2022,HIGH_SCHOOL_1TH_GRADE,7962134948
Caril,Damsell,cdamselldy@upenn.edu,30-06-2022,HIGH_SCHOOL_1TH_GRADE,1089780026
Bettye,Snasel,bsnaseldz@bing.com,08-08-2022,HIGH_SCHOOL_1TH_GRADE,3045490049
Damiano,Woodruffe,dwoodruffee0@vimeo.com,25-04-2022,HIGH_SCHOOL_1TH_GRADE,6022839202
Lonnie,Mordey,lmordeye1@printfriendly.com,14-10-2022,HIGH_SCHOOL_1TH_GRADE,6426780268
Arlan,Verchambre,averchambree2@irs.gov,21-06-2022,HIGH_SCHOOL_1TH_GRADE,7532198804
Lilyan,Demer,ldemere3@hatena.ne.jp,26-09-2022,HIGH_SCHOOL_1TH_GRADE,9506765213
Helenelizabeth,Blackmuir,hblackmuire4@topsy.com,22-07-2021,HIGH_SCHOOL_1TH_GRADE,2456889246
Sidnee,Mulvaney,smulvaneye5@ow.ly,24-12-2022,HIGH_SCHOOL_1TH_GRADE,7965203525
Lennie,Biasioni,lbiasionie6@ask.com,17-06-2022,HIGH_SCHOOL_1TH_GRADE,9747793299
Zondra,Mickan,zmickane7@toplist.cz,06-05-2023,HIGH_SCHOOL_1TH_GRADE,5406716419
Joey,Barukh,jbarukhe8@ovh.net,10-11-2023,HIGH_SCHOOL_1TH_GRADE,4612491510
Jannelle,Extence,jextencee9@va.gov,19-08-2021,HIGH_SCHOOL_1TH_GRADE,2778850372
Rodina,McHarry,rmcharryea@smugmug.com,16-02-2023,HIGH_SCHOOL_1TH_GRADE,9803767341
Sabra,Skea,sskeaeb@nhs.uk,06-12-2021,HIGH_SCHOOL_1TH_GRADE,6066365185
Alano,Checketts,acheckettsec@blogger.com,10-10-2023,HIGH_SCHOOL_1TH_GRADE,8719420365
Danette,Pate,dpateed@mashable.com,12-04-2023,HIGH_SCHOOL_1TH_GRADE,8247619287
Mervin,Ellsom,mellsomee@ucoz.ru,18-09-2021,HIGH_SCHOOL_1TH_GRADE,1358761532
Cacilia,Stewart,cstewartef@ovh.net,22-06-2022,HIGH_SCHOOL_1TH_GRADE,3121206137
Lonnie,Henze,lhenzeeg@google.com.hk,27-10-2022,HIGH_SCHOOL_1TH_GRADE,4885029374
Hermann,Priest,hpriesteh@upenn.edu,12-07-2022,HIGH_SCHOOL_1TH_GRADE,1699418059
Tedd,Tran,ttranei@mac.com,10-12-2022,HIGH_SCHOOL_1TH_GRADE,7528134704
Hurleigh,Kubach,hkubachej@trellian.com,23-05-2022,HIGH_SCHOOL_1TH_GRADE,1465140826
Stepha,Storah,sstorahek@biglobe.ne.jp,18-05-2023,HIGH_SCHOOL_1TH_GRADE,8049119610
Ivette,MacGibbon,imacgibbonel@nih.gov,23-02-2022,HIGH_SCHOOL_1TH_GRADE,2552353345
Abelard,Gerran,agerranem@ning.com,09-05-2022,HIGH_SCHOOL_1TH_GRADE,3166583418
Hall,Battill,hbattillen@livejournal.com,08-10-2023,HIGH_SCHOOL_1TH_GRADE,4395622515
Marcela,Gemmell,mgemmelleo@sciencedirect.com,31-05-2022,HIGH_SCHOOL_1TH_GRADE,3334652122
Danya,Weldrake,dweldrakeep@google.com.au,29-07-2023,HIGH_SCHOOL_1TH_GRADE,7304282425
Feodor,Fison,ffisoneq@printfriendly.com,04-10-2023,HIGH_SCHOOL_1TH_GRADE,4846940125
Lynde,McRill,lmcriller@webnode.com,21-12-2022,HIGH_SCHOOL_1TH_GRADE,9165762811
Jerry,Whittington,jwhittingtones@addtoany.com,22-06-2022,HIGH_SCHOOL_1TH_GRADE,2568999764
Karmen,Durdle,kdurdleet@histats.com,22-10-2023,HIGH_SCHOOL_1TH_GRADE,3101488692
Udell,Dumphy,udumphyeu@so-net.ne.jp,23-08-2022,HIGH_SCHOOL_1TH_GRADE,4818618728
Rafaello,Savell,rsavellev@unc.edu,12-02-2023,HIGH_SCHOOL_1TH_GRADE,5407576371
Mortie,Remirez,mremirezew@tmall.com,24-01-2023,HIGH_SCHOOL_1TH_GRADE,6052460259
Violetta,Ponsford,vponsfordex@amazonaws.com,25-03-2022,HIGH_SCHOOL_1TH_GRADE,8973404643
Richie,Kellick,rkellickey@csmonitor.com,03-08-2021,HIGH_SCHOOL_1TH_GRADE,7637002487
Madelaine,Arnecke,marneckeez@chronoengine.com,26-12-2021,HIGH_SCHOOL_1TH_GRADE,4714555387
Reeba,Haselden,rhaseldenf0@miibeian.gov.cn,25-02-2023,HIGH_SCHOOL_1TH_GRADE,5489540981
Janeen,Ollet,jolletf1@is.gd,11-05-2023,HIGH_SCHOOL_1TH_GRADE,9475134830
Christiane,Gerbel,cgerbelf2@parallels.com,28-07-2022,HIGH_SCHOOL_1TH_GRADE,1683115798
De,Gothup,dgothupf3@ycombinator.com,14-07-2023,HIGH_SCHOOL_1TH_GRADE,3374692634
Elianora,Philbrook,ephilbrookf4@dedecms.com,19-04-2022,HIGH_SCHOOL_1TH_GRADE,9937748158
Jerrie,Curtois,jcurtoisf5@google.com.br,16-09-2021,HIGH_SCHOOL_1TH_GRADE,7217278330
Orsola,Konerding,okonerdingf6@jugem.jp,24-07-2022,HIGH_SCHOOL_1TH_GRADE,4572834749
Mile,Aguirrezabala,maguirrezabalaf7@uiuc.edu,30-07-2022,HIGH_SCHOOL_1TH_GRADE,8544720536
Elga,Kewish,ekewishf8@miibeian.gov.cn,01-09-2023,HIGH_SCHOOL_1TH_GRADE,2797556432
Sosanna,Tweddle,stweddlef9@cpanel.net,03-07-2022,HIGH_SCHOOL_1TH_GRADE,2861570406
Michail,Laughton,mlaughtonfa@shareasale.com,17-07-2022,HIGH_SCHOOL_1TH_GRADE,4256230223
Alwyn,Yetton,ayettonfb@51.la,16-10-2021,HIGH_SCHOOL_1TH_GRADE,2177444847
Taddeo,Timeby,ttimebyfc@mac.com,30-12-2022,HIGH_SCHOOL_1TH_GRADE,1573852104
Emmy,Aland,ealandfd@unicef.org,13-09-2023,HIGH_SCHOOL_1TH_GRADE,4681692571
Pancho,Wiltshear,pwiltshearfe@wordpress.com,23-06-2022,HIGH_SCHOOL_1TH_GRADE,1737117034
Annmaria,Edwinson,aedwinsonff@usatoday.com,29-01-2023,HIGH_SCHOOL_1TH_GRADE,7116857002
Joly,Orriss,jorrissfg@go.com,10-08-2023,HIGH_SCHOOL_1TH_GRADE,3225399192
Shem,Corrado,scorradofh@posterous.com,12-07-2022,HIGH_SCHOOL_1TH_GRADE,5579156327
Eustace,Rucklesse,erucklessefi@guardian.co.uk,02-09-2021,HIGH_SCHOOL_1TH_GRADE,7379481655
Abbey,Tregonna,atregonnafj@amazon.com,14-12-2022,HIGH_SCHOOL_1TH_GRADE,2281724051
Mateo,Brennon,mbrennonfk@godaddy.com,22-09-2022,HIGH_SCHOOL_1TH_GRADE,5884374052
Eal,Reimers,ereimersfl@goodreads.com,20-09-2023,HIGH_SCHOOL_1TH_GRADE,5678461316
Calvin,Willmott,cwillmottfm@ameblo.jp,14-03-2022,HIGH_SCHOOL_1TH_GRADE,5233193168
Anica,Crilly,acrillyfn@theglobeandmail.com,16-08-2021,HIGH_SCHOOL_1TH_GRADE,4305341670
Liza,Cruz,lcruzfo@weebly.com,11-07-2021,HIGH_SCHOOL_1TH_GRADE,4592688648
Nancy,Warrilow,nwarrilowfp@usnews.com,28-01-2023,HIGH_SCHOOL_1TH_GRADE,3739236151
Lorna,Merriman,lmerrimanfq@w3.org,18-01-2022,HIGH_SCHOOL_1TH_GRADE,6216938684
Stephen,Mathen,smathenfr@feedburner.com,29-09-2021,HIGH_SCHOOL_1TH_GRADE,5972558560
Iris,Rickesies,irickesiesfs@cpanel.net,19-10-2023,HIGH_SCHOOL_1TH_GRADE,5151252264
Moises,Maccari,mmaccarift@businessinsider.com,22-03-2023,HIGH_SCHOOL_1TH_GRADE,8132324826
Jonell,Halleybone,jhalleybonefu@dropbox.com,16-05-2022,HIGH_SCHOOL_1TH_GRADE,4968306761
Theresina,Isaksson,tisakssonfv@eventbrite.com,19-06-2022,HIGH_SCHOOL_1TH_GRADE,5665026326
Sigfrid,Cattell,scattellfw@state.gov,05-12-2022,HIGH_SCHOOL_1TH_GRADE,6662215325
Hank,Hazart,hhazartfx@ucoz.com,15-05-2023,HIGH_SCHOOL_1TH_GRADE,2758948424
Carey,Viccary,cviccaryfy@blogtalkradio.com,15-10-2021,HIGH_SCHOOL_1TH_GRADE,6968740863
Hurley,Stobo,hstobofz@mlb.com,10-06-2023,HIGH_SCHOOL_1TH_GRADE,2149876097
Royal,Scrowson,rscrowsong0@fastcompany.com,29-09-2023,HIGH_SCHOOL_1TH_GRADE,7284672182
Kora,Clineck,kclineckg1@tiny.cc,27-03-2023,HIGH_SCHOOL_1TH_GRADE,5911520827
Paton,Bonafant,pbonafantg2@skyrock.com,24-06-2022,HIGH_SCHOOL_1TH_GRADE,4998759039
Marigold,Coath,mcoathg3@netlog.com,21-11-2022,HIGH_SCHOOL_1TH_GRADE,2728200694
Humfrey,Bredee,hbredeeg4@goo.ne.jp,31-07-2021,HIGH_SCHOOL_1TH_GRADE,3322776393
Leandra,Speares,lspearesg5@upenn.edu,15-05-2022,HIGH_SCHOOL_1TH_GRADE,1954721460
Reggi,Antczak,rantczakg6@pbs.org,08-07-2023,HIGH_SCHOOL_1TH_GRADE,3635712988
Roxi,Rubi,rrubig7@auda.org.au,28-03-2022,HIGH_SCHOOL_1TH_GRADE,7298115972
Bellanca,Flasby,bflasbyg8@gnu.org,21-03-2023,HIGH_SCHOOL_1TH_GRADE,7585219846
Allen,Shelp,ashelpg9@gizmodo.com,18-08-2022,HIGH_SCHOOL_1TH_GRADE,5684830838
Kassandra,Membry,kmembryga@hexun.com,12-07-2022,HIGH_SCHOOL_1TH_GRADE,4124467669
Edgard,Smyth,esmythgb@bloglines.com,07-05-2022,HIGH_SCHOOL_1TH_GRADE,5797563620
Glynn,Moryson,gmorysongc@facebook.com,05-03-2022,HIGH_SCHOOL_1TH_GRADE,9471666815
Joleen,Pilbury,jpilburygd@jigsy.com,09-01-2023,HIGH_SCHOOL_1TH_GRADE,2665410694
Bertine,Bottle,bbottlege@dot.gov,24-04-2023,HIGH_SCHOOL_1TH_GRADE,5029678406
Nina,Hanne,nhannegf@4shared.com,11-11-2023,HIGH_SCHOOL_1TH_GRADE,4088591359
Gasper,Wellman,gwellmangg@cdc.gov,06-04-2022,HIGH_SCHOOL_1TH_GRADE,4681889604
Kippy,Soan,ksoangh@tripod.com,03-08-2021,HIGH_SCHOOL_1TH_GRADE,6019917088
Arri,Faunt,afauntgi@ft.com,21-02-2022,HIGH_SCHOOL_1TH_GRADE,7977991296
Clemence,Kneel,ckneelgj@themeforest.net,25-07-2021,HIGH_SCHOOL_1TH_GRADE,3404222896
Hortense,Gregoletti,hgregolettigk@linkedin.com,11-02-2022,HIGH_SCHOOL_1TH_GRADE,6947123844
Donn,Seres,dseresgl@tinyurl.com,04-09-2023,HIGH_SCHOOL_1TH_GRADE,4882396611
Berty,Gellibrand,bgellibrandgm@dropbox.com,28-11-2022,HIGH_SCHOOL_1TH_GRADE,3978070849
Gray,Buglass,gbuglassgn@artisteer.com,22-11-2021,HIGH_SCHOOL_1TH_GRADE,4889743314
Gusta,Meuse,gmeusego@about.com,27-07-2023,HIGH_SCHOOL_1TH_GRADE,4219799185
Abbie,Krinks,akrinksgp@ovh.net,24-01-2023,HIGH_SCHOOL_1TH_GRADE,8865926021
Merci,Middlemiss,mmiddlemissgq@berkeley.edu,28-06-2023,HIGH_SCHOOL_1TH_GRADE,3975805396
Saba,Jeacock,sjeacockgr@noaa.gov,18-11-2022,HIGH_SCHOOL_1TH_GRADE,5422055416
Rosaline,Moline,rmolinegs@cocolog-nifty.com,13-11-2022,HIGH_SCHOOL_1TH_GRADE,5448663989
Stephanus,Loram,sloramgt@icq.com,12-03-2023,HIGH_SCHOOL_1TH_GRADE,7619359975
Branden,Cupitt,bcupittgu@yellowpages.com,26-06-2023,HIGH_SCHOOL_1TH_GRADE,8687098975
Emogene,Possell,epossellgv@spiegel.de,16-10-2022,HIGH_SCHOOL_1TH_GRADE,5891915717
Tori,Tuvey,ttuveygw@woothemes.com,02-03-2023,HIGH_SCHOOL_1TH_GRADE,3673028086
Dickie,Toy,dtoygx@webs.com,02-11-2022,HIGH_SCHOOL_1TH_GRADE,7034872367
Kristin,Claasen,kclaasengy@com.com,02-02-2022,HIGH_SCHOOL_1TH_GRADE,9729439429
Leoine,Creavan,lcreavangz@cloudflare.com,26-11-2022,HIGH_SCHOOL_1TH_GRADE,6843595346
Sarajane,Caslin,scaslinh0@cnbc.com,21-08-2023,HIGH_SCHOOL_1TH_GRADE,4669317425
Lucius,Thurgood,lthurgoodh1@businesswire.com,10-06-2022,HIGH_SCHOOL_1TH_GRADE,4825505971
Dukey,Patrie,dpatrieh2@nationalgeographic.com,23-09-2021,HIGH_SCHOOL_1TH_GRADE,9107919465
Holly,Wrate,hwrateh3@behance.net,11-11-2023,HIGH_SCHOOL_1TH_GRADE,7171639110
Sallyanne,Allot,salloth4@studiopress.com,21-01-2022,HIGH_SCHOOL_1TH_GRADE,9926853548
Esther,Dunnan,edunnanh5@123-reg.co.uk,22-04-2023,HIGH_SCHOOL_1TH_GRADE,6281486813
Hilary,Rapi,hrapih6@a8.net,07-10-2023,HIGH_SCHOOL_1TH_GRADE,2119700974
Reinaldos,Iannelli,riannellih7@printfriendly.com,26-12-2021,HIGH_SCHOOL_1TH_GRADE,9562779656
Maryellen,Ratcliff,mratcliffh8@google.es,17-05-2023,HIGH_SCHOOL_1TH_GRADE,5799090292
Wilhelm,Bradock,wbradockh9@wufoo.com,10-11-2023,HIGH_SCHOOL_1TH_GRADE,6818350398
Kristopher,Barry,kbarryha@linkedin.com,23-02-2023,HIGH_SCHOOL_1TH_GRADE,4861365886
Josias,Laurant,jlauranthb@liveinternet.ru,26-09-2023,HIGH_SCHOOL_1TH_GRADE,2539830709
Kath,MacPharlain,kmacpharlainhc@163.com,20-11-2023,HIGH_SCHOOL_1TH_GRADE,5186067857
Thekla,Jagielski,tjagielskihd@nsw.gov.au,29-08-2022,HIGH_SCHOOL_1TH_GRADE,8308287764
Ferdinand,Karet,fkarethe@thetimes.co.uk,28-08-2021,HIGH_SCHOOL_1TH_GRADE,5139678444
Merwyn,Radwell,mradwellhf@hatena.ne.jp,30-10-2021,HIGH_SCHOOL_1TH_GRADE,2208456485
Marijn,Janjic,mjanjichg@accuweather.com,10-02-2022,HIGH_SCHOOL_1TH_GRADE,8867826987
Mandy,Collumbell,mcollumbellhh@soup.io,13-04-2023,HIGH_SCHOOL_1TH_GRADE,7103499354
Fritz,Macbane,fmacbanehi@storify.com,28-02-2023,HIGH_SCHOOL_1TH_GRADE,5013036286
Calypso,Reynolds,creynoldshj@businessinsider.com,11-01-2023,HIGH_SCHOOL_1TH_GRADE,3155455915
Innis,Puzey,ipuzeyhk@addtoany.com,09-09-2022,HIGH_SCHOOL_1TH_GRADE,8978399333
Mirabel,Membry,mmembryhl@unc.edu,16-02-2023,HIGH_SCHOOL_1TH_GRADE,1348893235
Bartolemo,Stockport,bstockporthm@fc2.com,16-06-2023,HIGH_SCHOOL_1TH_GRADE,8154264995
Amalle,Tunniclisse,atunniclissehn@tripadvisor.com,17-09-2023,HIGH_SCHOOL_1TH_GRADE,5473483066
Magdaia,Weiner,mweinerho@answers.com,23-05-2022,HIGH_SCHOOL_1TH_GRADE,5784348133
Vicky,Guslon,vguslonhp@google.co.jp,17-02-2023,HIGH_SCHOOL_1TH_GRADE,5573070398
Janenna,Farries,jfarrieshq@aol.com,03-03-2022,HIGH_SCHOOL_1TH_GRADE,5073620958
Jammie,Bastin,jbastinhr@chron.com,15-03-2022,HIGH_SCHOOL_1TH_GRADE,9285271268
Johnna,Littley,jlittleyhs@technorati.com,23-02-2022,HIGH_SCHOOL_1TH_GRADE,1457206282
Alexia,Blackler,ablacklerht@ovh.net,04-05-2023,HIGH_SCHOOL_1TH_GRADE,5381399761
Roy,Vlasenkov,rvlasenkovhu@tripod.com,11-08-2021,HIGH_SCHOOL_1TH_GRADE,7603439569
Karyl,Spaducci,kspaduccihv@imdb.com,22-05-2023,HIGH_SCHOOL_1TH_GRADE,7613995065
Kalie,O'Hallagan,kohallaganhw@histats.com,04-05-2022,HIGH_SCHOOL_1TH_GRADE,2157627648
Ode,Mithon,omithonhx@tripod.com,04-05-2022,HIGH_SCHOOL_1TH_GRADE,7382457434
Orbadiah,Paddell,opaddellhy@berkeley.edu,02-10-2021,HIGH_SCHOOL_1TH_GRADE,9193018169
Kelci,Caush,kcaushhz@businessinsider.com,05-12-2021,HIGH_SCHOOL_1TH_GRADE,6595423853
Taffy,Sheldrake,tsheldrakei0@dropbox.com,15-10-2022,HIGH_SCHOOL_1TH_GRADE,4445693742
Henderson,Eplett,hepletti1@nifty.com,22-04-2023,HIGH_SCHOOL_1TH_GRADE,6199025075
Tisha,Mellmoth,tmellmothi2@bloglovin.com,23-01-2022,HIGH_SCHOOL_1TH_GRADE,8017079753
Eda,Skipper,eskipperi3@bluehost.com,23-04-2023,HIGH_SCHOOL_1TH_GRADE,1506409887
John,Balffye,jbalffyei4@amazon.de,01-10-2023,HIGH_SCHOOL_1TH_GRADE,2131332442
Richardo,Lancastle,rlancastlei5@seattletimes.com,01-11-2023,HIGH_SCHOOL_1TH_GRADE,1672405338
Carlin,Posner,cposneri6@ovh.net,12-06-2022,HIGH_SCHOOL_1TH_GRADE,6486210976
Alma,Oxborrow,aoxborrowi7@bloglines.com,16-07-2021,HIGH_SCHOOL_1TH_GRADE,9824473127
Courtenay,Pellissier,cpellissieri8@dedecms.com,14-08-2023,HIGH_SCHOOL_1TH_GRADE,3159237791
Jerrie,Rieme,jriemei9@tmall.com,29-06-2023,HIGH_SCHOOL_1TH_GRADE,7075395820
Ula,Zannetti,uzannettiia@blogspot.com,12-06-2023,HIGH_SCHOOL_1TH_GRADE,8864607936
Alain,Edinborough,aedinboroughib@hao123.com,22-06-2022,HIGH_SCHOOL_1TH_GRADE,8455659320
Shena,Lait,slaitic@github.com,21-10-2021,HIGH_SCHOOL_1TH_GRADE,6717921357
Valida,Wanklin,vwanklinid@sourceforge.net,01-05-2023,HIGH_SCHOOL_1TH_GRADE,6021087662
Wilow,Cranson,wcransonie@umich.edu,20-10-2022,HIGH_SCHOOL_1TH_GRADE,5026765174
Lillis,Kordt,lkordtif@macromedia.com,06-05-2023,HIGH_SCHOOL_1TH_GRADE,2648722854
Meryl,Tomisch,mtomischig@bing.com,26-04-2022,HIGH_SCHOOL_1TH_GRADE,4716192802
Kariotta,Kidds,kkiddsih@yandex.ru,07-02-2023,HIGH_SCHOOL_1TH_GRADE,3436357333
Hunt,Bodleigh,hbodleighii@cbc.ca,15-10-2022,HIGH_SCHOOL_1TH_GRADE,1548123056
Ruth,Dunton,rduntonij@mapy.cz,01-09-2022,HIGH_SCHOOL_1TH_GRADE,2173686720
Christopher,Phidgin,cphidginik@wikimedia.org,16-01-2022,HIGH_SCHOOL_1TH_GRADE,9313070335
Lester,Bauchop,lbauchopil@wp.com,09-09-2023,HIGH_SCHOOL_1TH_GRADE,4655461548
Gare,Malone,gmaloneim@npr.org,23-08-2022,HIGH_SCHOOL_1TH_GRADE,2635647985
Elisha,Jersch,ejerschin@ucla.edu,07-04-2023,HIGH_SCHOOL_1TH_GRADE,4951063907
Far,Jeavons,fjeavonsio@comsenz.com,06-08-2023,HIGH_SCHOOL_1TH_GRADE,3507771948
Karna,Whithorn,kwhithornip@mediafire.com,03-08-2022,HIGH_SCHOOL_1TH_GRADE,6913878736
Nikki,Alfonzo,nalfonzoiq@ftc.gov,17-01-2023,HIGH_SCHOOL_1TH_GRADE,6223881032
Edita,Rayhill,erayhillir@delicious.com,30-08-2022,HIGH_SCHOOL_1TH_GRADE,8122260188
Elfrida,Ashlee,eashleeis@google.com.au,03-01-2022,HIGH_SCHOOL_1TH_GRADE,5841279996
Heida,Loosely,hlooselyit@t.co,27-06-2022,HIGH_SCHOOL_1TH_GRADE,6441920169
Marybeth,Daldry,mdaldryiu@accuweather.com,29-09-2021,HIGH_SCHOOL_1TH_GRADE,8543321112
Antonio,Scothron,ascothroniv@dmoz.org,02-08-2022,HIGH_SCHOOL_1TH_GRADE,1465477849
Malachi,Nucciotti,mnucciottiiw@dot.gov,08-06-2022,HIGH_SCHOOL_1TH_GRADE,7761804903
Neall,Adamowicz,nadamowiczix@nationalgeographic.com,21-10-2021,HIGH_SCHOOL_1TH_GRADE,3128111671
Onfre,Kimberly,okimberlyiy@ox.ac.uk,18-03-2023,HIGH_SCHOOL_1TH_GRADE,5834699241
Everett,Klossek,eklossekiz@dedecms.com,03-07-2023,HIGH_SCHOOL_1TH_GRADE,1433911342
Christan,Delucia,cdeluciaj0@columbia.edu,28-07-2021,HIGH_SCHOOL_1TH_GRADE,7534364336
Ellissa,Dunabie,edunabiej1@shinystat.com,07-10-2021,HIGH_SCHOOL_1TH_GRADE,4335878891
Austin,Wollard,awollardj2@home.pl,16-12-2022,HIGH_SCHOOL_1TH_GRADE,8875819838
Marji,Robertucci,mrobertuccij3@wunderground.com,22-12-2022,HIGH_SCHOOL_1TH_GRADE,4511259243
Edsel,Jenkison,ejenkisonj4@360.cn,02-09-2021,HIGH_SCHOOL_1TH_GRADE,9186689498
Everard,Hubber,ehubberj5@bravesites.com,27-09-2021,HIGH_SCHOOL_1TH_GRADE,9707908125
Allis,Charge,achargej6@comsenz.com,03-05-2023,HIGH_SCHOOL_1TH_GRADE,5076419555
Aharon,McChesney,amcchesneyj7@dmoz.org,18-10-2022,HIGH_SCHOOL_1TH_GRADE,5418379220
Evangeline,Seres,eseresj8@pbs.org,06-03-2023,HIGH_SCHOOL_1TH_GRADE,3127720076
Rose,Goly,rgolyj9@reference.com,29-10-2022,HIGH_SCHOOL_1TH_GRADE,2388455594
Orel,Cowlin,ocowlinja@webmd.com,07-08-2023,HIGH_SCHOOL_1TH_GRADE,8476745267
Talbert,Rapper,trapperjb@51.la,06-02-2023,HIGH_SCHOOL_1TH_GRADE,3868729261
Caresse,Organ,corganjc@freewebs.com,08-06-2023,HIGH_SCHOOL_1TH_GRADE,5758900281
Odie,Martyns,omartynsjd@aboutads.info,01-04-2023,HIGH_SCHOOL_1TH_GRADE,9264561707
Helen,Pruckner,hprucknerje@bing.com,22-06-2023,HIGH_SCHOOL_1TH_GRADE,4714387288
Millisent,Crier,mcrierjf@theguardian.com,25-04-2023,HIGH_SCHOOL_1TH_GRADE,3266925022
Britt,Mc Elory,bmceloryjg@mit.edu,12-10-2021,HIGH_SCHOOL_1TH_GRADE,6398233296
Dorise,Scoterbosh,dscoterboshjh@goodreads.com,02-05-2022,HIGH_SCHOOL_1TH_GRADE,4057109452
Alvan,Hutchings,ahutchingsji@sphinn.com,28-09-2022,HIGH_SCHOOL_1TH_GRADE,6154931660
Howie,Costar,hcostarjj@chronoengine.com,01-01-2023,HIGH_SCHOOL_1TH_GRADE,7301909393
Nollie,Bowlas,nbowlasjk@earthlink.net,18-09-2022,HIGH_SCHOOL_1TH_GRADE,4439060325
Helene,Stonard,hstonardjl@infoseek.co.jp,13-08-2022,HIGH_SCHOOL_1TH_GRADE,9543375988
Ado,Fey,afeyjm@reverbnation.com,24-12-2022,HIGH_SCHOOL_1TH_GRADE,6063638455
Cletis,Hawkett,chawkettjn@cnbc.com,16-10-2021,HIGH_SCHOOL_1TH_GRADE,7961730768
Orville,McClaurie,omcclauriejo@wired.com,22-08-2022,HIGH_SCHOOL_1TH_GRADE,3981961173
Norina,Bonham,nbonhamjp@prlog.org,06-09-2022,HIGH_SCHOOL_1TH_GRADE,3018259295
Darius,Seeks,dseeksjq@youtu.be,17-08-2021,HIGH_SCHOOL_1TH_GRADE,9301963411
Hettie,Retchless,hretchlessjr@blogtalkradio.com,22-09-2023,HIGH_SCHOOL_1TH_GRADE,8407455539
Donny,Seacroft,dseacroftjs@toplist.cz,06-02-2022,HIGH_SCHOOL_1TH_GRADE,8594649261
Elset,Thick,ethickjt@bluehost.com,02-06-2022,HIGH_SCHOOL_1TH_GRADE,2423059933
Bonnie,Arpur,barpurju@freewebs.com,18-07-2022,HIGH_SCHOOL_1TH_GRADE,2173880667
Beryl,Chable,bchablejv@etsy.com,07-06-2022,HIGH_SCHOOL_1TH_GRADE,6748815160
Franky,Staining,fstainingjw@bbc.co.uk,08-03-2022,HIGH_SCHOOL_1TH_GRADE,5735505697
Tersina,Goford,tgofordjx@scribd.com,06-10-2022,HIGH_SCHOOL_1TH_GRADE,6146735698
Julianne,Oboy,joboyjy@noaa.gov,14-09-2023,HIGH_SCHOOL_1TH_GRADE,5042468481
Matty,Storkes,mstorkesjz@dmoz.org,21-07-2023,HIGH_SCHOOL_1TH_GRADE,1854394703
Sax,Selby,sselbyk0@patch.com,08-02-2023,HIGH_SCHOOL_1TH_GRADE,8363283142
Dean,Spilsted,dspilstedk1@tinyurl.com,21-07-2023,HIGH_SCHOOL_1TH_GRADE,9866245668
Nikolas,Comino,ncominok2@goo.gl,17-01-2022,HIGH_SCHOOL_1TH_GRADE,6472144271
Jeane,Copozio,jcopoziok3@senate.gov,17-12-2021,HIGH_SCHOOL_1TH_GRADE,7376851086
Alessandra,Puddifer,apuddiferk4@1688.com,03-11-2022,HIGH_SCHOOL_1TH_GRADE,1784639176
Linn,Cosins,lcosinsk5@dropbox.com,26-08-2023,HIGH_SCHOOL_1TH_GRADE,2683314687
Gifford,Emloch,gemlochk6@nasa.gov,02-01-2023,HIGH_SCHOOL_1TH_GRADE,8791116871
Johnathon,Farland,jfarlandk7@example.com,05-06-2023,HIGH_SCHOOL_1TH_GRADE,5176821033
Corine,Collocott,ccollocottk8@is.gd,10-11-2022,HIGH_SCHOOL_1TH_GRADE,6899629328
Melisse,Haney`,mhaneyk9@a8.net,13-10-2023,HIGH_SCHOOL_1TH_GRADE,6508625202
Teresita,Thew,tthewka@slashdot.org,29-07-2023,HIGH_SCHOOL_1TH_GRADE,2757235121
Cody,Studholme,cstudholmekb@yahoo.com,02-10-2021,HIGH_SCHOOL_1TH_GRADE,2041494853
Kim,de la Tremoille,kdelatremoillekc@princeton.edu,12-11-2022,HIGH_SCHOOL_1TH_GRADE,8322941005
Norbert,Lowcock,nlowcockkd@acquirethisname.com,20-10-2021,HIGH_SCHOOL_1TH_GRADE,9173114957
Zacharia,Arnaez,zarnaezke@dedecms.com,12-04-2023,HIGH_SCHOOL_1TH_GRADE,9136836914
Muffin,Gregori,mgregorikf@wikimedia.org,24-09-2021,HIGH_SCHOOL_1TH_GRADE,1909896268
Gaylor,Yarranton,gyarrantonkg@smugmug.com,08-08-2022,HIGH_SCHOOL_1TH_GRADE,2158863772
Clemmie,Skyrm,cskyrmkh@weather.com,04-10-2023,HIGH_SCHOOL_1TH_GRADE,1335527928
Kristos,Loudian,kloudianki@discovery.com,25-11-2021,HIGH_SCHOOL_1TH_GRADE,6647186200
Maia,Rossbrook,mrossbrookkj@clickbank.net,26-06-2023,HIGH_SCHOOL_1TH_GRADE,1781955547
Jacinta,Youhill,jyouhillkk@telegraph.co.uk,06-08-2021,HIGH_SCHOOL_1TH_GRADE,2046623711
Amalee,Aldis,aaldiskl@jalbum.net,27-02-2022,HIGH_SCHOOL_1TH_GRADE,8577338853
Cece,Malling,cmallingkm@t.co,06-10-2022,HIGH_SCHOOL_1TH_GRADE,9281942593
Whitaker,Astlett,wastlettkn@sciencedirect.com,30-04-2022,HIGH_SCHOOL_1TH_GRADE,4118542797
Polly,Seeler,pseelerko@usgs.gov,29-03-2022,HIGH_SCHOOL_1TH_GRADE,7277209086
Reena,Huburn,rhuburnkp@ehow.com,09-05-2022,HIGH_SCHOOL_1TH_GRADE,9556811111
Danit,Winger,dwingerkq@icio.us,24-09-2022,HIGH_SCHOOL_1TH_GRADE,8264111131
Herschel,Lochhead,hlochheadkr@angelfire.com,20-09-2021,HIGH_SCHOOL_1TH_GRADE,4901479149
Federico,Kelcher,fkelcherks@usgs.gov,07-05-2022,HIGH_SCHOOL_1TH_GRADE,7388830871
Nikkie,Mulmuray,nmulmuraykt@homestead.com,10-02-2022,HIGH_SCHOOL_1TH_GRADE,4222369778
Pietra,Jochanany,pjochananyku@msn.com,03-07-2022,HIGH_SCHOOL_1TH_GRADE,3547427246
Guendolen,Gambrell,ggambrellkv@moonfruit.com,21-04-2022,HIGH_SCHOOL_1TH_GRADE,9436086778
Lucius,Ladewig,lladewigkw@netscape.com,15-08-2023,HIGH_SCHOOL_1TH_GRADE,1068222311
Fanchette,Charity,fcharitykx@mit.edu,23-10-2023,HIGH_SCHOOL_1TH_GRADE,4475320068
Hastie,Loveman,hlovemanky@washingtonpost.com,21-07-2021,HIGH_SCHOOL_1TH_GRADE,9195045942
Roseann,Ashall,rashallkz@amazon.com,19-01-2023,HIGH_SCHOOL_1TH_GRADE,8752057543
Alvan,Lewerenz,alewerenzl0@wp.com,25-12-2022,HIGH_SCHOOL_1TH_GRADE,1878804860
Gnni,Colvine,gcolvinel1@drupal.org,18-06-2023,HIGH_SCHOOL_1TH_GRADE,4238865320
Sam,Sowthcote,ssowthcotel2@intel.com,20-12-2021,HIGH_SCHOOL_1TH_GRADE,1876802346
Meggi,Mityakov,mmityakovl3@seesaa.net,02-03-2022,HIGH_SCHOOL_1TH_GRADE,1883626740
Bella,Donaldson,bdonaldsonl4@chicagotribune.com,13-02-2023,HIGH_SCHOOL_1TH_GRADE,9815174976
Danya,Bortolutti,dbortoluttil5@nationalgeographic.com,19-10-2022,HIGH_SCHOOL_1TH_GRADE,9891866815
Steffane,Ferriby,sferribyl6@booking.com,09-08-2021,HIGH_SCHOOL_1TH_GRADE,1402198580
Beilul,Empson,bempsonl7@jugem.jp,08-03-2022,HIGH_SCHOOL_1TH_GRADE,3119841262
Benjamen,Rishworth,brishworthl8@shutterfly.com,13-03-2022,HIGH_SCHOOL_1TH_GRADE,3882131734
Viv,McGonnell,vmcgonnelll9@deviantart.com,13-12-2022,HIGH_SCHOOL_1TH_GRADE,9313830354
Estevan,Beggio,ebeggiola@google.com.hk,18-09-2023,HIGH_SCHOOL_1TH_GRADE,1092127823
Deena,de Courcy,ddecourcylb@bloglovin.com,16-10-2021,HIGH_SCHOOL_1TH_GRADE,5628447932
Eleanora,Chezier,echezierlc@princeton.edu,18-04-2023,HIGH_SCHOOL_1TH_GRADE,2668793748
Nickolaus,Shepherd,nshepherdld@sohu.com,19-09-2022,HIGH_SCHOOL_1TH_GRADE,8344118342
Mahmud,Gavaghan,mgavaghanle@quantcast.com,10-12-2022,HIGH_SCHOOL_1TH_GRADE,9572149185
Beatrisa,Wakenshaw,bwakenshawlf@networkadvertising.org,04-12-2021,HIGH_SCHOOL_1TH_GRADE,4092358784
Lory,Bolduc,lbolduclg@amazon.de,21-08-2021,HIGH_SCHOOL_1TH_GRADE,7418701723
Bentlee,Sabie,bsabielh@hp.com,12-08-2023,HIGH_SCHOOL_1TH_GRADE,6269267015
Lloyd,Menloe,lmenloeli@topsy.com,28-02-2022,HIGH_SCHOOL_1TH_GRADE,9955665969
Mohandis,Jaquemar,mjaquemarlj@studiopress.com,25-10-2022,HIGH_SCHOOL_1TH_GRADE,2005908840
Clemmie,Eastham,ceasthamlk@mit.edu,01-06-2022,HIGH_SCHOOL_1TH_GRADE,6773637229
Herbie,Pinnick,hpinnickll@chron.com,04-10-2023,HIGH_SCHOOL_1TH_GRADE,7364543286
Coraline,Cajkler,ccajklerlm@ebay.co.uk,19-10-2022,HIGH_SCHOOL_1TH_GRADE,3008994844
Klarika,Tuiller,ktuillerln@sitemeter.com,19-01-2022,HIGH_SCHOOL_1TH_GRADE,8005394334
Colas,Clouter,cclouterlo@go.com,01-08-2023,HIGH_SCHOOL_1TH_GRADE,7203383294
Tally,Crossley,tcrossleylp@quantcast.com,24-07-2023,HIGH_SCHOOL_1TH_GRADE,6154319448
Chris,O'Keeffe,cokeeffelq@rambler.ru,31-10-2021,HIGH_SCHOOL_1TH_GRADE,6708433218
Cher,Shitliffe,cshitliffelr@mtv.com,17-12-2021,HIGH_SCHOOL_1TH_GRADE,2939338264
Lavinia,Awdry,lawdryls@list-manage.com,13-05-2022,HIGH_SCHOOL_1TH_GRADE,3437274088
Sarita,Macklin,smacklinlt@noaa.gov,19-02-2023,HIGH_SCHOOL_1TH_GRADE,1836159532
Yale,Teasdale-Markie,yteasdalemarkielu@is.gd,03-10-2021,HIGH_SCHOOL_1TH_GRADE,9525673871
Laryssa,Mackness,lmacknesslv@latimes.com,06-04-2022,HIGH_SCHOOL_1TH_GRADE,6834889958
Melina,Beggio,mbeggiolw@tiny.cc,02-08-2022,HIGH_SCHOOL_1TH_GRADE,9389806898
Eddi,Vatcher,evatcherlx@hc360.com,12-10-2022,HIGH_SCHOOL_1TH_GRADE,4266647020
Dante,Tyson,dtysonly@wix.com,26-08-2021,HIGH_SCHOOL_1TH_GRADE,3005587627
Juli,Stonier,jstonierlz@auda.org.au,16-07-2023,HIGH_SCHOOL_1TH_GRADE,3867142045
Patrizia,Aubery,pauberym0@nih.gov,22-02-2022,HIGH_SCHOOL_1TH_GRADE,4677915182
Edna,Dymocke,edymockem1@xinhuanet.com,05-07-2023,HIGH_SCHOOL_1TH_GRADE,9311592375
Gerianna,Willingale,gwillingalem2@businessweek.com,09-09-2022,HIGH_SCHOOL_1TH_GRADE,6297697457
Faustina,Ranvoise,franvoisem3@ebay.co.uk,18-03-2023,HIGH_SCHOOL_1TH_GRADE,3139329402
Libbi,MacAlpyne,lmacalpynem4@exblog.jp,31-03-2022,HIGH_SCHOOL_1TH_GRADE,2428312015
Gretchen,Bradnocke,gbradnockem5@google.com.br,19-08-2023,HIGH_SCHOOL_1TH_GRADE,3065664085
Cody,Bompas,cbompasm6@opera.com,16-05-2022,HIGH_SCHOOL_1TH_GRADE,9823380183
Ania,Charlton,acharltonm7@fda.gov,14-03-2022,HIGH_SCHOOL_1TH_GRADE,4182990884
Rolph,Pickford,rpickfordm8@ocn.ne.jp,11-05-2023,HIGH_SCHOOL_1TH_GRADE,9631183582
Corby,Sutton,csuttonm9@sciencedirect.com,11-10-2022,HIGH_SCHOOL_1TH_GRADE,6206787324
Valentine,Willden,vwilldenma@whitehouse.gov,03-03-2023,HIGH_SCHOOL_1TH_GRADE,1134322327
Kelsey,Carlesso,kcarlessomb@histats.com,11-09-2023,HIGH_SCHOOL_1TH_GRADE,7807028643
Rodrique,Monday,rmondaymc@sina.com.cn,07-05-2023,HIGH_SCHOOL_1TH_GRADE,9548077918
Evelina,Adie,eadiemd@wordpress.org,13-11-2021,HIGH_SCHOOL_1TH_GRADE,3574458660
Karee,Chivers,kchiversme@shareasale.com,14-11-2022,HIGH_SCHOOL_1TH_GRADE,6026080247
Orlando,Banaszewski,obanaszewskimf@blog.com,11-03-2023,HIGH_SCHOOL_1TH_GRADE,8442849804
Ardisj,McGibbon,amcgibbonmg@jimdo.com,22-09-2022,HIGH_SCHOOL_1TH_GRADE,9909344417
Nari,Threadgould,nthreadgouldmh@skype.com,07-01-2023,HIGH_SCHOOL_1TH_GRADE,9265159288
Meredith,Medley,mmedleymi@wiley.com,07-08-2022,HIGH_SCHOOL_1TH_GRADE,1272208250
Nollie,Stallon,nstallonmj@msu.edu,26-10-2022,HIGH_SCHOOL_1TH_GRADE,1727192869
Aldrich,Catford,acatfordmk@foxnews.com,14-10-2021,HIGH_SCHOOL_1TH_GRADE,2657904812
Maggie,Oakes,moakesml@timesonline.co.uk,09-09-2022,HIGH_SCHOOL_1TH_GRADE,8467180932
Brod,Mc Meekin,bmcmeekinmm@ox.ac.uk,16-02-2022,HIGH_SCHOOL_1TH_GRADE,4848235958
Madel,Wenger,mwengermn@google.fr,01-12-2022,HIGH_SCHOOL_1TH_GRADE,7896219176
Sheelagh,Larose,slarosemo@huffingtonpost.com,20-05-2023,HIGH_SCHOOL_1TH_GRADE,1674151129
Pier,Curran,pcurranmp@google.es,28-05-2023,HIGH_SCHOOL_1TH_GRADE,1602492727
Willette,Sergant,wsergantmq@globo.com,04-09-2021,HIGH_SCHOOL_1TH_GRADE,2545116697
Elijah,Stolberg,estolbergmr@biblegateway.com,08-02-2022,HIGH_SCHOOL_1TH_GRADE,2871703942
Sissy,Swett,sswettms@feedburner.com,14-08-2023,HIGH_SCHOOL_1TH_GRADE,6582074132
Hilliard,Atger,hatgermt@si.edu,11-09-2021,HIGH_SCHOOL_1TH_GRADE,5544400247
Elle,Brummitt,ebrummittmu@reverbnation.com,08-10-2022,HIGH_SCHOOL_1TH_GRADE,7607145097
Hannie,Wilcox,hwilcoxmv@uol.com.br,26-09-2022,HIGH_SCHOOL_1TH_GRADE,1864331458
Rebbecca,Remington,rremingtonmw@hostgator.com,24-08-2022,HIGH_SCHOOL_1TH_GRADE,4658437509
Graehme,Brower,gbrowermx@furl.net,15-12-2021,HIGH_SCHOOL_1TH_GRADE,1146957929
Claire,Sturman,csturmanmy@wiley.com,30-05-2022,HIGH_SCHOOL_1TH_GRADE,6517394380
Rickie,Olijve,rolijvemz@cbc.ca,16-09-2023,HIGH_SCHOOL_1TH_GRADE,2912875282
Dallis,O'Kinedy,dokinedyn0@cnn.com,01-11-2021,HIGH_SCHOOL_1TH_GRADE,6099130633
Dawna,Menendez,dmenendezn1@china.com.cn,18-09-2023,HIGH_SCHOOL_1TH_GRADE,5531970529
Cynthie,Thorneley,cthorneleyn2@thetimes.co.uk,14-09-2021,HIGH_SCHOOL_1TH_GRADE,7527656880
Wilmette,Arnell,warnelln3@irs.gov,08-01-2022,HIGH_SCHOOL_1TH_GRADE,1787036879
Rosina,Bolmann,rbolmannn4@uol.com.br,04-10-2022,HIGH_SCHOOL_1TH_GRADE,6508316708
Shawn,Byrd,sbyrdn5@icio.us,17-10-2023,HIGH_SCHOOL_1TH_GRADE,7348619157
Wayland,Banfill,wbanfilln6@51.la,22-10-2022,HIGH_SCHOOL_1TH_GRADE,7068108931
Tobin,Cogar,tcogarn7@hud.gov,27-09-2021,HIGH_SCHOOL_1TH_GRADE,3198863131
Adeline,Fendlen,afendlenn8@drupal.org,12-06-2023,HIGH_SCHOOL_1TH_GRADE,3157870520
Dorthy,Glavin,dglavinn9@discuz.net,14-05-2023,HIGH_SCHOOL_1TH_GRADE,9222017586
Waverley,Sacks,wsacksna@buzzfeed.com,20-09-2023,HIGH_SCHOOL_1TH_GRADE,2607665924
Marco,Crean,mcreannb@plala.or.jp,05-09-2023,HIGH_SCHOOL_1TH_GRADE,2328506918
Rubin,Abels,rabelsnc@weebly.com,18-03-2023,HIGH_SCHOOL_1TH_GRADE,7951500373
Hubert,Leagas,hleagasnd@twitter.com,04-12-2021,HIGH_SCHOOL_1TH_GRADE,4827831427
Loreen,Luna,llunane@google.com.br,26-08-2022,HIGH_SCHOOL_1TH_GRADE,9779100690
Bernita,Helleckas,bhelleckasnf@amazonaws.com,18-11-2022,HIGH_SCHOOL_1TH_GRADE,9382592767
Johnna,Lyver,jlyverng@msn.com,22-01-2022,HIGH_SCHOOL_1TH_GRADE,9402426827
Oby,Frangleton,ofrangletonnh@who.int,29-05-2022,HIGH_SCHOOL_1TH_GRADE,8655505041
Eldredge,Littell,elittellni@wunderground.com,14-07-2022,HIGH_SCHOOL_1TH_GRADE,2747275993
Chevy,Djokovic,cdjokovicnj@paypal.com,27-11-2022,HIGH_SCHOOL_1TH_GRADE,2344750964
Urbano,Sherwood,usherwoodnk@comcast.net,22-10-2023,HIGH_SCHOOL_1TH_GRADE,5413002552
Charil,Kibel,ckibelnl@umn.edu,19-11-2022,HIGH_SCHOOL_1TH_GRADE,6489288284
Tarra,Gockelen,tgockelennm@wikispaces.com,26-07-2022,HIGH_SCHOOL_1TH_GRADE,3339318133
Lanie,Poles,lpolesnn@sina.com.cn,17-07-2022,HIGH_SCHOOL_1TH_GRADE,6732337495
Rosemaria,Paddie,rpaddieno@cdbaby.com,24-08-2023,HIGH_SCHOOL_1TH_GRADE,3884484632
Basia,Robinette,brobinettenp@nba.com,20-12-2021,HIGH_SCHOOL_1TH_GRADE,3607304397
Lolita,Curedale,lcuredalenq@upenn.edu,26-11-2021,HIGH_SCHOOL_1TH_GRADE,5634981227
Christa,Toller,ctollernr@hostgator.com,16-08-2022,HIGH_SCHOOL_1TH_GRADE,4167350639
Dosi,Way,dwayns@washington.edu,20-09-2021,HIGH_SCHOOL_1TH_GRADE,3755613300
Jillana,MacNamee,jmacnameent@blogtalkradio.com,19-01-2022,HIGH_SCHOOL_1TH_GRADE,4827326128
Cris,Gobell,cgobellnu@omniture.com,25-05-2023,HIGH_SCHOOL_1TH_GRADE,3743314642
Tadd,Saiger,tsaigernv@typepad.com,31-01-2022,HIGH_SCHOOL_1TH_GRADE,3659736629
Liana,Carn,lcarnnw@theglobeandmail.com,25-03-2023,HIGH_SCHOOL_1TH_GRADE,1995833121
Antonina,Jest,ajestnx@stumbleupon.com,14-04-2023,HIGH_SCHOOL_1TH_GRADE,9355918601
Rem,Ragate,rragateny@php.net,04-04-2023,HIGH_SCHOOL_1TH_GRADE,6722003186
Jo-ann,Sterre,jsterrenz@clickbank.net,11-08-2022,HIGH_SCHOOL_1TH_GRADE,6094463914
Corena,Yaxley,cyaxleyo0@vkontakte.ru,14-07-2023,HIGH_SCHOOL_1TH_GRADE,6507955430
Grady,O' Cuolahan,gocuolahano1@themeforest.net,13-09-2022,HIGH_SCHOOL_1TH_GRADE,8188780477
Fraze,Southerell,fsoutherello2@psu.edu,25-06-2022,HIGH_SCHOOL_1TH_GRADE,7136229474
Charissa,Maase,cmaaseo3@ebay.com,17-08-2023,HIGH_SCHOOL_1TH_GRADE,6227380024
Dolf,Livock,dlivocko4@goodreads.com,07-12-2021,HIGH_SCHOOL_1TH_GRADE,5188751128
Ashlee,Stanwix,astanwixo5@unesco.org,25-04-2022,HIGH_SCHOOL_1TH_GRADE,5785159356
Lammond,Mangon,lmangono6@nifty.com,02-12-2022,HIGH_SCHOOL_1TH_GRADE,8345959378
Guillermo,Robillard,grobillardo7@mediafire.com,16-10-2021,HIGH_SCHOOL_1TH_GRADE,5718586085
Ddene,Pyburn,dpyburno8@home.pl,31-10-2021,HIGH_SCHOOL_1TH_GRADE,1329059022
Madeleine,Archell,marchello9@spotify.com,04-11-2021,HIGH_SCHOOL_1TH_GRADE,1601729315
Thatch,Hendrickson,thendricksonoa@constantcontact.com,23-09-2023,HIGH_SCHOOL_1TH_GRADE,7895099924
Shepperd,Hurd,shurdob@gnu.org,17-07-2021,HIGH_SCHOOL_1TH_GRADE,3897926372
Stella,Burnham,sburnhamoc@jalbum.net,07-11-2023,HIGH_SCHOOL_1TH_GRADE,5616788814
Sephira,Pohlke,spohlkeod@stanford.edu,22-01-2023,HIGH_SCHOOL_1TH_GRADE,5395193762
Allene,Marran,amarranoe@123-reg.co.uk,15-08-2021,HIGH_SCHOOL_1TH_GRADE,6956350220
Terrel,MacCoughen,tmaccoughenof@tiny.cc,05-10-2022,HIGH_SCHOOL_1TH_GRADE,1014466472
Tallia,Ebanks,tebanksog@myspace.com,23-09-2023,HIGH_SCHOOL_1TH_GRADE,2033179473
Julio,Deinhardt,jdeinhardtoh@cyberchimps.com,18-09-2022,HIGH_SCHOOL_1TH_GRADE,1179899581
Constance,Reay,creayoi@wix.com,03-12-2021,HIGH_SCHOOL_1TH_GRADE,6894221649
Craig,MacNulty,cmacnultyoj@surveymonkey.com,05-06-2023,HIGH_SCHOOL_1TH_GRADE,9733464011
Waneta,Grisdale,wgrisdaleok@google.pl,11-02-2023,HIGH_SCHOOL_1TH_GRADE,8224068659
Sherlocke,Linay,slinayol@yahoo.com,19-12-2022,HIGH_SCHOOL_1TH_GRADE,5174390566
Deb,Carmont,dcarmontom@economist.com,03-10-2022,HIGH_SCHOOL_1TH_GRADE,5713724520
Desiri,Yurov,dyurovon@i2i.jp,03-05-2022,HIGH_SCHOOL_1TH_GRADE,8241090686
Hyacintha,Gudd,hguddoo@huffingtonpost.com,17-09-2021,HIGH_SCHOOL_1TH_GRADE,9105489930
Karita,Du Hamel,kduhamelop@newyorker.com,06-05-2022,HIGH_SCHOOL_1TH_GRADE,3698010970
Saloma,Drayson,sdraysonoq@last.fm,30-08-2021,HIGH_SCHOOL_1TH_GRADE,2143317534
Rea,Wabersich,rwabersichor@wikia.com,14-07-2022,HIGH_SCHOOL_1TH_GRADE,6079910384
Persis,Dorrington,pdorringtonos@amazon.com,19-10-2022,HIGH_SCHOOL_1TH_GRADE,2131823828
Kesley,Summerley,ksummerleyot@ehow.com,02-12-2021,HIGH_SCHOOL_1TH_GRADE,6885972288
Claribel,Sorton,csortonou@japanpost.jp,19-06-2023,HIGH_SCHOOL_1TH_GRADE,3613960380
Indira,Jansema,ijansemaov@simplemachines.org,13-02-2023,HIGH_SCHOOL_1TH_GRADE,6196753369
Karisa,Northen,knorthenow@dedecms.com,02-01-2022,HIGH_SCHOOL_1TH_GRADE,4586915945
Addie,Semmens,asemmensox@csmonitor.com,02-12-2021,HIGH_SCHOOL_1TH_GRADE,2152151258
Tommy,Thowless,tthowlessoy@plala.or.jp,06-05-2023,HIGH_SCHOOL_1TH_GRADE,9312125404
Corey,von Nassau,cvonnassauoz@ted.com,07-11-2022,HIGH_SCHOOL_1TH_GRADE,3973632155
Amory,McPeeters,amcpeetersp0@arstechnica.com,16-10-2021,HIGH_SCHOOL_1TH_GRADE,8868814260
Garret,Abbe,gabbep1@sun.com,27-12-2022,HIGH_SCHOOL_1TH_GRADE,6041269049
Tiffani,Favey,tfaveyp2@google.ca,29-10-2021,HIGH_SCHOOL_1TH_GRADE,5615815871
Giusto,Annes,gannesp3@yahoo.com,19-07-2022,HIGH_SCHOOL_1TH_GRADE,5189688132
Cyrill,Hearthfield,chearthfieldp4@mediafire.com,15-10-2021,HIGH_SCHOOL_1TH_GRADE,7542243585
Dudley,Gales,dgalesp5@edublogs.org,25-10-2022,HIGH_SCHOOL_1TH_GRADE,1872818418
Tess,Hacksby,thacksbyp6@shop-pro.jp,24-12-2022,HIGH_SCHOOL_1TH_GRADE,5425996769
Hali,Conville,hconvillep7@instagram.com,09-11-2021,HIGH_SCHOOL_1TH_GRADE,3863193073
Ralina,Fitzmaurice,rfitzmauricep8@usnews.com,30-06-2023,HIGH_SCHOOL_1TH_GRADE,7076775352
Kristoforo,Arnaudet,karnaudetp9@telegraph.co.uk,16-12-2021,HIGH_SCHOOL_1TH_GRADE,8612476286
Pierre,Benham,pbenhampa@facebook.com,05-12-2021,HIGH_SCHOOL_1TH_GRADE,4617929683
Mella,Binyon,mbinyonpb@vistaprint.com,13-07-2023,HIGH_SCHOOL_1TH_GRADE,3875096021
Valli,Grubb,vgrubbpc@booking.com,29-06-2023,HIGH_SCHOOL_1TH_GRADE,4639269173
Waldo,Rispin,wrispinpd@phoca.cz,15-03-2022,HIGH_SCHOOL_1TH_GRADE,8585501063
Ciro,Eilhermann,ceilhermannpe@mlb.com,31-10-2022,HIGH_SCHOOL_1TH_GRADE,6061976904
Erhard,Poli,epolipf@wordpress.org,26-04-2022,HIGH_SCHOOL_1TH_GRADE,5621430165
Vanya,Bloodworthe,vbloodworthepg@last.fm,30-06-2023,HIGH_SCHOOL_1TH_GRADE,7736348061
Scotty,Heys,sheysph@va.gov,07-03-2022,HIGH_SCHOOL_1TH_GRADE,3053479689
Melli,Ricket,mricketpi@booking.com,03-08-2021,HIGH_SCHOOL_1TH_GRADE,3702934331
Janey,Dwire,jdwirepj@admin.ch,26-04-2022,HIGH_SCHOOL_1TH_GRADE,5976432429
Dwight,Pessold,dpessoldpk@dagondesign.com,02-10-2023,HIGH_SCHOOL_1TH_GRADE,5786235068
Emmalyn,Gawen,egawenpl@infoseek.co.jp,07-08-2023,HIGH_SCHOOL_1TH_GRADE,6735581921
Emilio,Levick,elevickpm@tinypic.com,24-01-2023,HIGH_SCHOOL_1TH_GRADE,7948536432
Helga,Barajas,hbarajaspn@prlog.org,21-10-2022,HIGH_SCHOOL_1TH_GRADE,9158777144
Ralph,Scolts,rscoltspo@biglobe.ne.jp,27-07-2021,HIGH_SCHOOL_1TH_GRADE,2786552880
Erma,Atkinson,eatkinsonpp@nba.com,07-01-2022,HIGH_SCHOOL_1TH_GRADE,5954811511
Constantia,Laytham,claythampq@illinois.edu,10-11-2021,HIGH_SCHOOL_1TH_GRADE,5369729372
Merrile,Moir,mmoirpr@samsung.com,09-06-2022,HIGH_SCHOOL_1TH_GRADE,2568122751
Stormy,Maidlow,smaidlowps@techcrunch.com,04-06-2023,HIGH_SCHOOL_1TH_GRADE,6428486935
Ruy,Grievson,rgrievsonpt@surveymonkey.com,15-02-2023,HIGH_SCHOOL_1TH_GRADE,2623202288
Malanie,Andree,mandreepu@cpanel.net,24-02-2023,HIGH_SCHOOL_1TH_GRADE,7747078373
Gwenneth,Ibbett,gibbettpv@hao123.com,05-10-2023,HIGH_SCHOOL_1TH_GRADE,6611642574
Kerrin,Jurn,kjurnpw@posterous.com,26-10-2023,HIGH_SCHOOL_1TH_GRADE,4363563678
Jolene,Arlet,jarletpx@wix.com,23-10-2023,HIGH_SCHOOL_1TH_GRADE,3781027248
Flory,Vedyashkin,fvedyashkinpy@webmd.com,14-10-2021,HIGH_SCHOOL_1TH_GRADE,5773367765
Else,Gouldstone,egouldstonepz@dmoz.org,10-08-2021,HIGH_SCHOOL_1TH_GRADE,2419951346
Fidela,Nashe,fnasheq0@netvibes.com,24-11-2021,HIGH_SCHOOL_1TH_GRADE,6639493183
Gerome,Guppy,gguppyq1@issuu.com,21-11-2023,HIGH_SCHOOL_1TH_GRADE,1237620677
Liz,Stirrip,lstirripq2@imgur.com,13-02-2022,HIGH_SCHOOL_1TH_GRADE,9992919264
Aida,Shanahan,ashanahanq3@google.cn,25-08-2022,HIGH_SCHOOL_1TH_GRADE,7349810132
Kevyn,Janosevic,kjanosevicq4@nsw.gov.au,09-07-2023,HIGH_SCHOOL_1TH_GRADE,8781523507
Ede,Merrington,emerringtonq5@sun.com,11-08-2022,HIGH_SCHOOL_1TH_GRADE,8136848566
Clair,Duthy,cduthyq6@unblog.fr,03-10-2022,HIGH_SCHOOL_1TH_GRADE,4587309628
Iorgos,Gritsaev,igritsaevq7@uol.com.br,16-09-2023,HIGH_SCHOOL_1TH_GRADE,2317648439
Oralia,Yegorev,oyegorevq8@forbes.com,09-05-2022,HIGH_SCHOOL_1TH_GRADE,1888828622
Gwendolyn,Corrington,gcorringtonq9@nymag.com,07-02-2022,HIGH_SCHOOL_1TH_GRADE,8278227750
Gilberto,Rossin,grossinqa@umich.edu,21-08-2022,HIGH_SCHOOL_1TH_GRADE,2169862114
Isacco,Ossenna,iossennaqb@virginia.edu,12-07-2022,HIGH_SCHOOL_1TH_GRADE,2139350645
Frederica,Flewitt,fflewittqc@sina.com.cn,24-10-2023,HIGH_SCHOOL_1TH_GRADE,3237520853
Maxwell,Pashbee,mpashbeeqd@flavors.me,23-02-2022,HIGH_SCHOOL_1TH_GRADE,8499259356
Fowler,Ellsworthe,fellswortheqe@ihg.com,15-03-2023,HIGH_SCHOOL_1TH_GRADE,5022281751
Giralda,Saintpierre,gsaintpierreqf@freewebs.com,01-10-2021,HIGH_SCHOOL_1TH_GRADE,8692196582
Ellene,Telfer,etelferqg@163.com,12-05-2022,HIGH_SCHOOL_1TH_GRADE,9532050492
Eadith,Nassey,enasseyqh@aboutads.info,11-05-2023,HIGH_SCHOOL_1TH_GRADE,4783100788
Mufinella,Vowles,mvowlesqi@psu.edu,07-11-2022,HIGH_SCHOOL_1TH_GRADE,8366164487
Amaleta,Teeney,ateeneyqj@aboutads.info,02-11-2023,HIGH_SCHOOL_1TH_GRADE,9969895603
Dilan,Giacomi,dgiacomiqk@prlog.org,16-07-2021,HIGH_SCHOOL_1TH_GRADE,3247102337
Gretel,Wallage,gwallageql@forbes.com,22-01-2023,HIGH_SCHOOL_1TH_GRADE,9297264986
Teddie,Delooze,tdeloozeqm@hostgator.com,22-07-2021,HIGH_SCHOOL_1TH_GRADE,1322025362
Cleve,Klaessen,cklaessenqn@prlog.org,26-03-2023,HIGH_SCHOOL_1TH_GRADE,9402130494
Shurlock,Eastam,seastamqo@skype.com,05-02-2023,HIGH_SCHOOL_1TH_GRADE,3327131766
Benny,Simoneschi,bsimoneschiqp@mayoclinic.com,03-11-2022,HIGH_SCHOOL_1TH_GRADE,8665648646
Nell,Bruckent,nbruckentqq@house.gov,17-04-2022,HIGH_SCHOOL_1TH_GRADE,9009789239
Christiano,Sleight,csleightqr@i2i.jp,10-10-2022,HIGH_SCHOOL_1TH_GRADE,4843834250
Maria,Allard,mallardqs@sina.com.cn,25-09-2022,HIGH_SCHOOL_1TH_GRADE,7081227393
Regan,Henighan,rhenighanqt@xinhuanet.com,08-05-2022,HIGH_SCHOOL_1TH_GRADE,5195054087
Brenda,Mulrooney,bmulrooneyqu@topsy.com,09-12-2022,HIGH_SCHOOL_1TH_GRADE,8008776054
Burnaby,De Lasci,bdelasciqv@newyorker.com,30-03-2022,HIGH_SCHOOL_1TH_GRADE,4657430485
Issi,Abramino,iabraminoqw@icio.us,16-03-2022,HIGH_SCHOOL_1TH_GRADE,5697575050
Brook,Beadle,bbeadleqx@oracle.com,08-12-2021,HIGH_SCHOOL_1TH_GRADE,3115663169
Tedie,Steed,tsteedqy@angelfire.com,14-08-2021,HIGH_SCHOOL_1TH_GRADE,9481203514
Lillian,McFayden,lmcfaydenqz@aol.com,02-12-2022,HIGH_SCHOOL_1TH_GRADE,2028822901
Merle,Devonside,mdevonsider0@google.fr,09-08-2022,HIGH_SCHOOL_1TH_GRADE,3387848684
Antonietta,Hayer,ahayerr1@hp.com,25-04-2023,HIGH_SCHOOL_1TH_GRADE,4575935414
Amata,Tebbe,atebber2@miibeian.gov.cn,30-06-2022,HIGH_SCHOOL_1TH_GRADE,9651253460
Dell,Tallant,dtallantr3@geocities.jp,09-06-2022,HIGH_SCHOOL_1TH_GRADE,3211766767
Oona,Feldstern,ofeldsternr4@behance.net,18-11-2021,HIGH_SCHOOL_1TH_GRADE,9114622442
Mavis,Horder,mhorderr5@gravatar.com,09-05-2023,HIGH_SCHOOL_1TH_GRADE,4088940547
Oralle,Burniston,oburnistonr6@zimbio.com,05-03-2023,HIGH_SCHOOL_1TH_GRADE,3532507934
Torrance,Dongall,tdongallr7@wp.com,28-09-2021,HIGH_SCHOOL_1TH_GRADE,4888884403
Zelma,Manuely,zmanuelyr8@reference.com,07-12-2022,HIGH_SCHOOL_1TH_GRADE,2234954390
Elizabet,Crosse,ecrosser9@163.com,17-12-2022,HIGH_SCHOOL_1TH_GRADE,5574298573
Harbert,Fairy,hfairyra@patch.com,07-08-2021,HIGH_SCHOOL_1TH_GRADE,1513472668
Cassandry,Grishukov,cgrishukovrb@sogou.com,11-10-2023,HIGH_SCHOOL_1TH_GRADE,4148411809
Aldridge,McKall,amckallrc@yahoo.com,17-11-2023,HIGH_SCHOOL_1TH_GRADE,7031555771
Arte,Merriday,amerridayrd@archive.org,28-11-2021,HIGH_SCHOOL_1TH_GRADE,3623511880
Ingemar,Bonhill,ibonhillre@google.cn,31-12-2021,HIGH_SCHOOL_1TH_GRADE,4593179245
Christyna,Karpf,ckarpfrf@sbwire.com,24-02-2023,HIGH_SCHOOL_1TH_GRADE,5363063241
Angy,Sher,asherrg@reference.com,07-12-2021,HIGH_SCHOOL_1TH_GRADE,9149698530
Norman,Jayne,njaynerh@mayoclinic.com,05-12-2021,HIGH_SCHOOL_1TH_GRADE,4925029867
Barnie,Hitschke,bhitschkeri@example.com,06-04-2023,HIGH_SCHOOL_1TH_GRADE,8907171213
Ethelda,Dorricott,edorricottrj@shop-pro.jp,23-07-2022,HIGH_SCHOOL_1TH_GRADE,1767128469
Penny,Bowskill,pbowskillrk@fastcompany.com,30-07-2021,HIGH_SCHOOL_1TH_GRADE,7098552185
Kizzie,Maytum,kmaytumrl@nhs.uk,02-03-2023,HIGH_SCHOOL_1TH_GRADE,6163297746
Mollee,Shelmardine,mshelmardinerm@ft.com,26-07-2022,HIGH_SCHOOL_1TH_GRADE,2938987469
Robb,Cleef,rcleefrn@springer.com,29-08-2022,HIGH_SCHOOL_1TH_GRADE,7015556428
Heindrick,Ranking,hrankingro@multiply.com,20-03-2022,HIGH_SCHOOL_1TH_GRADE,2249623780
Noellyn,Jeeks,njeeksrp@devhub.com,16-06-2023,HIGH_SCHOOL_1TH_GRADE,5902338510
Penny,Lawful,plawfulrq@free.fr,17-01-2022,HIGH_SCHOOL_1TH_GRADE,9627702008
Fredrika,Dolley,fdolleyrr@xinhuanet.com,15-07-2021,HIGH_SCHOOL_1TH_GRADE,9123931744
