firstname,lastname,email,dateOfBirth,schoolClass,phoneNumber
Cyndy,Lago,clago0@eepurl.com,23-07-2023,HIGH_SCHOOL_1TH_GRADE,8422420456
Thornton,Roget,troget1@so-net.ne.jp,29-10-2021,HIGH_SCHOOL_1TH_GRADE,6452992462
Mariana,Brandle,mbrandle2@nydailynews.com,29-07-2023,HIGH_SCHOOL_1TH_GRADE,7826309454
Lori,Campe,lcampe3@adobe.com,28-02-2022,HIGH_SCHOOL_1TH_GRADE,2665773464
Idalia,Mathivat,imathivat4@jalbum.net,23-12-2021,HIGH_SCHOOL_1TH_GRADE,3134928624
Gallagher,Danslow,gdanslow5@odnoklassniki.ru,20-06-2023,HIGH_SCHOOL_1TH_GRADE,8837549294
Shara,Lucy,slucy6@unicef.org,06-09-2022,HIGH_SCHOOL_1TH_GRADE,3535578607
Rex,Andrieu,randrieu7@e-recht24.de,27-04-2023,HIGH_SCHOOL_1TH_GRADE,3718728534
Wit,Rogerot,wrogerot8@mediafire.com,12-01-2022,HIGH_SCHOOL_1TH_GRADE,3803487363
Winnah,Simionescu,wsimionescu9@quantcast.com,08-12-2021,HIGH_SCHOOL_1TH_GRADE,8511927520
Marlie,McKeown,mmckeowna@thetimes.co.uk,31-08-2022,HIGH_SCHOOL_1TH_GRADE,3237100513
Carlota,Hunnable,chunnableb@naver.com,18-09-2023,HIGH_SCHOOL_1TH_GRADE,1824680748
Corbie,Pauli,cpaulic@cpanel.net,25-09-2023,HIGH_SCHOOL_1TH_GRADE,7667281096
Baron,Kings,bkingsd@answers.com,18-10-2021,HIGH_SCHOOL_1TH_GRADE,2562219368
Camilla,Gribbins,cgribbinse@cbsnews.com,01-03-2022,HIGH_SCHOOL_1TH_GRADE,1169552047
Renato,Flewett,rflewettf@google.com.br,29-05-2022,HIGH_SCHOOL_1TH_GRADE,4734731824
Annelise,Manville,amanvilleg@umich.edu,10-02-2023,HIGH_SCHOOL_1TH_GRADE,6401658762
Robin,Lewsie,rlewsieh@dailymail.co.uk,10-04-2023,HIGH_SCHOOL_1TH_GRADE,2224483125
Sibyl,Lettsom,slettsomi@barnesandnoble.com,24-02-2022,HIGH_SCHOOL_1TH_GRADE,6803692500
Schuyler,Vasyukov,svasyukovj@google.fr,25-06-2023,HIGH_SCHOOL_1TH_GRADE,8181397577
Peta,Mannin,pmannink@discovery.com,01-10-2021,HIGH_SCHOOL_1TH_GRADE,2284693889
Heall,Bambrough,hbambroughl@freewebs.com,18-08-2022,HIGH_SCHOOL_1TH_GRADE,6647019560
Linet,Glayzer,lglayzerm@google.es,14-12-2022,HIGH_SCHOOL_1TH_GRADE,6631789318
Dalis,Sagg,dsaggn@upenn.edu,05-04-2022,HIGH_SCHOOL_1TH_GRADE,9661660539
Vanya,Claydon,vclaydono@redcross.org,03-03-2023,HIGH_SCHOOL_1TH_GRADE,3483806263
Casandra,Noddings,cnoddingsp@is.gd,22-08-2022,HIGH_SCHOOL_1TH_GRADE,4222595879
Olympe,Torresi,otorresiq@foxnews.com,18-12-2022,HIGH_SCHOOL_1TH_GRADE,5364644753
Red,Dallemore,rdallemorer@yellowbook.com,20-10-2022,HIGH_SCHOOL_1TH_GRADE,2869505516
Corene,Vasenkov,cvasenkovs@lulu.com,03-12-2022,HIGH_SCHOOL_1TH_GRADE,7541950063
Tadd,Bento,tbentot@imageshack.us,18-08-2021,HIGH_SCHOOL_1TH_GRADE,9943288529
Betteann,Townsend,btownsendu@intel.com,10-08-2022,HIGH_SCHOOL_1TH_GRADE,9206099218
Zachariah,Garthshore,zgarthshorev@pbs.org,20-05-2022,HIGH_SCHOOL_1TH_GRADE,7072037360
Breena,Davidow,bdavidoww@cocolog-nifty.com,16-05-2022,HIGH_SCHOOL_1TH_GRADE,4184321896
Kristos,Dryden,kdrydenx@businessweek.com,02-12-2022,HIGH_SCHOOL_1TH_GRADE,1877644389
Glynn,Veness,gvenessy@foxnews.com,03-10-2023,HIGH_SCHOOL_1TH_GRADE,7331617308
Vyky,Aizikovitz,vaizikovitzz@typepad.com,25-07-2022,HIGH_SCHOOL_1TH_GRADE,4232018493
Hartwell,Rosenthal,hrosenthal10@cbslocal.com,31-10-2022,HIGH_SCHOOL_1TH_GRADE,8933744540
Urbano,Tommei,utommei11@ucoz.com,26-03-2023,HIGH_SCHOOL_1TH_GRADE,1692802441
Sayers,Kovacs,skovacs12@slideshare.net,10-08-2022,HIGH_SCHOOL_1TH_GRADE,1531282034
Micheline,Organer,morganer13@github.com,12-07-2021,HIGH_SCHOOL_1TH_GRADE,9309099445
Cletis,Kingsnod,ckingsnod14@skyrock.com,25-08-2023,HIGH_SCHOOL_1TH_GRADE,4212421927
Kingston,Kemsley,kkemsley15@nasa.gov,12-10-2022,HIGH_SCHOOL_1TH_GRADE,6071875184
Claudette,Chesters,cchesters16@wunderground.com,03-11-2023,HIGH_SCHOOL_1TH_GRADE,5604128055
Emelia,Sammes,esammes17@histats.com,08-10-2022,HIGH_SCHOOL_1TH_GRADE,7469317685
Karlie,Fairbard,kfairbard18@smugmug.com,22-10-2022,HIGH_SCHOOL_1TH_GRADE,2172536745
Arleyne,Meadley,ameadley19@seesaa.net,24-05-2022,HIGH_SCHOOL_1TH_GRADE,1902282325
Zared,Durnall,zdurnall1a@ftc.gov,04-09-2021,HIGH_SCHOOL_1TH_GRADE,8102972332
Gordan,Jouaneton,gjouaneton1b@kickstarter.com,27-10-2023,HIGH_SCHOOL_1TH_GRADE,2967196749
Licha,Milne,lmilne1c@dedecms.com,20-07-2021,HIGH_SCHOOL_1TH_GRADE,8108725891
Martina,Calven,mcalven1d@blogspot.com,04-11-2022,HIGH_SCHOOL_1TH_GRADE,5368655157
Pieter,Duckhouse,pduckhouse1e@alexa.com,07-11-2023,HIGH_SCHOOL_1TH_GRADE,6845575528
Mandie,Hecks,mhecks1f@friendfeed.com,02-11-2023,HIGH_SCHOOL_1TH_GRADE,1301263020
Dillon,De Bischof,ddebischof1g@hc360.com,04-11-2021,HIGH_SCHOOL_1TH_GRADE,9404324743
Shana,Ruffy,sruffy1h@google.co.jp,01-04-2022,HIGH_SCHOOL_1TH_GRADE,1689614360
Conni,Godber,cgodber1i@europa.eu,12-08-2023,HIGH_SCHOOL_1TH_GRADE,2166632990
Teddy,Hackley,thackley1j@topsy.com,21-10-2023,HIGH_SCHOOL_1TH_GRADE,3548114291
Aila,Legat,alegat1k@java.com,15-01-2022,HIGH_SCHOOL_1TH_GRADE,5077878033
Latrina,Odde,lodde1l@ebay.com,01-06-2023,HIGH_SCHOOL_1TH_GRADE,9641374998
Nolly,Jaquin,njaquin1m@ycombinator.com,11-09-2023,HIGH_SCHOOL_1TH_GRADE,8907446797
Nessie,Burne,nburne1n@opensource.org,23-01-2022,HIGH_SCHOOL_1TH_GRADE,3357896277
Lucita,Quaif,lquaif1o@xinhuanet.com,05-09-2021,HIGH_SCHOOL_1TH_GRADE,4942675030
Dion,Lambie,dlambie1p@dyndns.org,05-04-2022,HIGH_SCHOOL_1TH_GRADE,6938128495
Lauri,Abate,labate1q@wisc.edu,06-02-2023,HIGH_SCHOOL_1TH_GRADE,7859508248
Elnora,Yanyshev,eyanyshev1r@ibm.com,22-07-2021,HIGH_SCHOOL_1TH_GRADE,5204131872
Maurine,Haswell,mhaswell1s@nyu.edu,08-09-2023,HIGH_SCHOOL_1TH_GRADE,6533344856
Ashley,Critzen,acritzen1t@buzzfeed.com,08-08-2021,HIGH_SCHOOL_1TH_GRADE,9769708095
Ardra,Hurleston,ahurleston1u@moonfruit.com,14-12-2021,HIGH_SCHOOL_1TH_GRADE,5274089569
Cordie,Vedeshkin,cvedeshkin1v@seattletimes.com,06-09-2023,HIGH_SCHOOL_1TH_GRADE,7343955886
Lena,Gonthard,lgonthard1w@globo.com,24-05-2023,HIGH_SCHOOL_1TH_GRADE,9675323552
Shaughn,Sonley,ssonley1x@icio.us,27-10-2021,HIGH_SCHOOL_1TH_GRADE,7514808989
Alidia,Tongs,atongs1y@soup.io,08-11-2023,HIGH_SCHOOL_1TH_GRADE,6197986542
Sterne,Aspling,saspling1z@w3.org,09-12-2021,HIGH_SCHOOL_1TH_GRADE,5255164080
Griz,Bayles,gbayles20@engadget.com,27-06-2022,HIGH_SCHOOL_1TH_GRADE,4481450872
Jackie,Abrahams,jabrahams21@google.ca,05-09-2023,HIGH_SCHOOL_1TH_GRADE,8917456367
Hashim,Haskur,hhaskur22@gizmodo.com,07-04-2023,HIGH_SCHOOL_1TH_GRADE,3693132783
Krysta,Lickorish,klickorish23@ibm.com,17-03-2022,HIGH_SCHOOL_1TH_GRADE,1987917662
Tanya,Oguz,toguz24@cornell.edu,10-10-2023,HIGH_SCHOOL_1TH_GRADE,5751013886
Millie,Patshull,mpatshull25@auda.org.au,13-08-2022,HIGH_SCHOOL_1TH_GRADE,8355073764
Denys,Anneslie,danneslie26@ted.com,25-09-2022,HIGH_SCHOOL_1TH_GRADE,5637622874
Caren,Quiddihy,cquiddihy27@rambler.ru,20-12-2021,HIGH_SCHOOL_1TH_GRADE,1966816541
Mariellen,Lamyman,mlamyman28@networkadvertising.org,24-07-2023,HIGH_SCHOOL_1TH_GRADE,1318778105
Helyn,Scholer,hscholer29@ihg.com,14-03-2023,HIGH_SCHOOL_1TH_GRADE,8295811152
Lila,MacCambridge,lmaccambridge2a@cbc.ca,26-12-2022,HIGH_SCHOOL_1TH_GRADE,6716998843
Peter,Aucock,paucock2b@github.io,01-06-2023,HIGH_SCHOOL_1TH_GRADE,4649784100
Sayres,Filintsev,sfilintsev2c@sphinn.com,23-04-2022,HIGH_SCHOOL_1TH_GRADE,5508910241
Sylas,Meeson,smeeson2d@free.fr,01-05-2022,HIGH_SCHOOL_1TH_GRADE,8722499192
Helen-elizabeth,Petronis,hpetronis2e@creativecommons.org,03-10-2023,HIGH_SCHOOL_1TH_GRADE,9002237368
Elie,Boxer,eboxer2f@google.com.hk,11-04-2023,HIGH_SCHOOL_1TH_GRADE,7651590473
Derry,Zanardii,dzanardii2g@economist.com,19-07-2023,HIGH_SCHOOL_1TH_GRADE,3468906756
Gannon,Durbin,gdurbin2h@yahoo.com,07-04-2023,HIGH_SCHOOL_1TH_GRADE,6736412523
Delmore,Ebertz,debertz2i@yahoo.co.jp,19-10-2023,HIGH_SCHOOL_1TH_GRADE,6436101109
Dietrich,Struijs,dstruijs2j@abc.net.au,10-11-2022,HIGH_SCHOOL_1TH_GRADE,2034782025
Olivie,Cubbon,ocubbon2k@i2i.jp,17-03-2022,HIGH_SCHOOL_1TH_GRADE,5195680125
Lezley,Buckney,lbuckney2l@slashdot.org,22-08-2022,HIGH_SCHOOL_1TH_GRADE,3565801535
Cheston,Pursglove,cpursglove2m@vkontakte.ru,12-04-2022,HIGH_SCHOOL_1TH_GRADE,6449163020
Skelly,Cullimore,scullimore2n@nationalgeographic.com,28-07-2023,HIGH_SCHOOL_1TH_GRADE,1778054906
Adriana,Stockford,astockford2o@fda.gov,23-09-2021,HIGH_SCHOOL_1TH_GRADE,5325158164
Althea,Szimoni,aszimoni2p@reference.com,20-02-2023,HIGH_SCHOOL_1TH_GRADE,5375431480
Lambert,Deboy,ldeboy2q@wunderground.com,20-10-2023,HIGH_SCHOOL_1TH_GRADE,7973344855
Myron,Stoneham,mstoneham2r@time.com,23-08-2021,HIGH_SCHOOL_1TH_GRADE,1221255423
Henri,Agirre,hagirre2s@ca.gov,12-08-2021,HIGH_SCHOOL_1TH_GRADE,1214880296
Judah,Viggers,jviggers2t@moonfruit.com,11-10-2022,HIGH_SCHOOL_1TH_GRADE,1938365926
Stephan,Screase,sscrease2u@miitbeian.gov.cn,02-08-2021,HIGH_SCHOOL_1TH_GRADE,4286694515
Conant,Caraher,ccaraher2v@printfriendly.com,10-04-2023,HIGH_SCHOOL_1TH_GRADE,7161445113
Felipa,Newbigging,fnewbigging2w@storify.com,26-09-2021,HIGH_SCHOOL_1TH_GRADE,1098457251
Bryanty,Suscens,bsuscens2x@hubpages.com,20-10-2021,HIGH_SCHOOL_1TH_GRADE,4011541499
Cherianne,Snasdell,csnasdell2y@artisteer.com,02-04-2023,HIGH_SCHOOL_1TH_GRADE,1514848871
Simone,Ginnell,sginnell2z@redcross.org,29-09-2023,HIGH_SCHOOL_1TH_GRADE,6327947502
Kori,Keets,kkeets30@netlog.com,29-04-2022,HIGH_SCHOOL_1TH_GRADE,6825804662
Randi,Roo,rroo31@wikipedia.org,17-10-2022,HIGH_SCHOOL_1TH_GRADE,1119507832
Petunia,Harmer,pharmer32@baidu.com,12-03-2022,HIGH_SCHOOL_1TH_GRADE,9873414244
Maximo,Jakubovits,mjakubovits33@webnode.com,13-08-2021,HIGH_SCHOOL_1TH_GRADE,8444631138
Moshe,Goad,mgoad34@cyberchimps.com,28-09-2021,HIGH_SCHOOL_1TH_GRADE,5118747018
Roseanna,Balaison,rbalaison35@myspace.com,23-02-2022,HIGH_SCHOOL_1TH_GRADE,3315412146
Prent,Bucktharp,pbucktharp36@microsoft.com,21-09-2023,HIGH_SCHOOL_1TH_GRADE,5547695361
Cayla,Jilliss,cjilliss37@nbcnews.com,11-04-2023,HIGH_SCHOOL_1TH_GRADE,3544842048
Sibylle,Lethardy,slethardy38@amazon.co.jp,05-10-2023,HIGH_SCHOOL_1TH_GRADE,5579499254
Sophia,Kendrew,skendrew39@timesonline.co.uk,11-09-2023,HIGH_SCHOOL_1TH_GRADE,2663028419
Dael,Berriball,dberriball3a@opensource.org,12-05-2022,HIGH_SCHOOL_1TH_GRADE,3517113011
Clevie,Kennifick,ckennifick3b@oaic.gov.au,16-11-2022,HIGH_SCHOOL_1TH_GRADE,2873910838
Viola,Fernehough,vfernehough3c@linkedin.com,05-10-2023,HIGH_SCHOOL_1TH_GRADE,2006012181
Emmeline,Letson,eletson3d@adobe.com,04-01-2023,HIGH_SCHOOL_1TH_GRADE,9892881055
Cherrita,Cozzi,ccozzi3e@cpanel.net,04-03-2023,HIGH_SCHOOL_1TH_GRADE,9964626681
Ronica,Darbyshire,rdarbyshire3f@adobe.com,26-07-2021,HIGH_SCHOOL_1TH_GRADE,5616483036
Mildred,Sarge,msarge3g@opensource.org,07-04-2022,HIGH_SCHOOL_1TH_GRADE,1911478904
Elisabeth,Busch,ebusch3h@quantcast.com,02-10-2022,HIGH_SCHOOL_1TH_GRADE,9597340215
Skye,Cahan,scahan3i@photobucket.com,14-06-2022,HIGH_SCHOOL_1TH_GRADE,1457166620
Roddie,Joscelyne,rjoscelyne3j@ifeng.com,08-07-2023,HIGH_SCHOOL_1TH_GRADE,8486308854
Rod,Pinilla,rpinilla3k@networksolutions.com,15-12-2021,HIGH_SCHOOL_1TH_GRADE,7773005875
Bill,Tertre,btertre3l@marketwatch.com,05-06-2023,HIGH_SCHOOL_1TH_GRADE,9565377960
Lucila,Lodden,llodden3m@mit.edu,01-12-2021,HIGH_SCHOOL_1TH_GRADE,3137424411
Curran,Drejer,cdrejer3n@list-manage.com,19-01-2022,HIGH_SCHOOL_1TH_GRADE,7147627529
Joyann,Lievesley,jlievesley3o@studiopress.com,30-12-2022,HIGH_SCHOOL_1TH_GRADE,5344740167
Misha,Shattock,mshattock3p@engadget.com,07-09-2021,HIGH_SCHOOL_1TH_GRADE,8777539840
Zola,Yitzhakov,zyitzhakov3q@clickbank.net,11-06-2023,HIGH_SCHOOL_1TH_GRADE,2581299372
Mariana,Aliman,maliman3r@devhub.com,23-10-2022,HIGH_SCHOOL_1TH_GRADE,8389922496
Joelie,Hakking,jhakking3s@sciencedirect.com,25-03-2022,HIGH_SCHOOL_1TH_GRADE,7342532282
Barrie,Baly,bbaly3t@dedecms.com,12-11-2022,HIGH_SCHOOL_1TH_GRADE,2644948471
Haydon,Scrowby,hscrowby3u@abc.net.au,15-09-2023,HIGH_SCHOOL_1TH_GRADE,8736875714
Zed,Unworth,zunworth3v@etsy.com,03-11-2023,HIGH_SCHOOL_1TH_GRADE,4045837113
Cherianne,Oscroft,coscroft3w@lycos.com,07-08-2023,HIGH_SCHOOL_1TH_GRADE,6957664611
Caralie,Theriot,ctheriot3x@devhub.com,06-02-2022,HIGH_SCHOOL_1TH_GRADE,1525158402
Julienne,Cawthorn,jcawthorn3y@deviantart.com,25-10-2023,HIGH_SCHOOL_1TH_GRADE,9664654751
Henderson,Corkell,hcorkell3z@weebly.com,06-09-2022,HIGH_SCHOOL_1TH_GRADE,9049539305
Feliks,Potte,fpotte40@quantcast.com,19-03-2022,HIGH_SCHOOL_1TH_GRADE,8052510156
Artemis,Whife,awhife41@csmonitor.com,08-07-2023,HIGH_SCHOOL_1TH_GRADE,3743326921
Lorraine,Lifton,llifton42@tmall.com,18-09-2023,HIGH_SCHOOL_1TH_GRADE,6936649463
Terrance,Chattock,tchattock43@comcast.net,06-10-2021,HIGH_SCHOOL_1TH_GRADE,3673444195
Valry,Ivanaev,vivanaev44@shinystat.com,05-07-2023,HIGH_SCHOOL_1TH_GRADE,3701450524
Saunder,Davidi,sdavidi45@eventbrite.com,24-06-2023,HIGH_SCHOOL_1TH_GRADE,5641348942
Shel,Dinsey,sdinsey46@csmonitor.com,17-11-2021,HIGH_SCHOOL_1TH_GRADE,1869556441
Hilary,Waight,hwaight47@cafepress.com,25-08-2023,HIGH_SCHOOL_1TH_GRADE,6086168248
Marion,Cassar,mcassar48@deviantart.com,27-06-2023,HIGH_SCHOOL_1TH_GRADE,4311392720
Horatius,Yann,hyann49@w3.org,29-03-2022,HIGH_SCHOOL_1TH_GRADE,4326972214
Dianne,Littleton,dlittleton4a@joomla.org,21-10-2021,HIGH_SCHOOL_1TH_GRADE,9109950791
Hilda,Beauman,hbeauman4b@dyndns.org,08-01-2022,HIGH_SCHOOL_1TH_GRADE,9284166274
Saraann,Wilcock,swilcock4c@chicagotribune.com,15-09-2023,HIGH_SCHOOL_1TH_GRADE,7626040424
Kariotta,Liversidge,kliversidge4d@nih.gov,29-09-2021,HIGH_SCHOOL_1TH_GRADE,9196307386
Nike,Sexten,nsexten4e@nbcnews.com,19-12-2022,HIGH_SCHOOL_1TH_GRADE,2768605759
Ashil,Vossing,avossing4f@google.co.uk,26-11-2022,HIGH_SCHOOL_1TH_GRADE,2323381584
Urbano,Rosenkranc,urosenkranc4g@github.io,27-07-2022,HIGH_SCHOOL_1TH_GRADE,7977121962
Celina,Verrechia,cverrechia4h@google.fr,21-08-2021,HIGH_SCHOOL_1TH_GRADE,9157730274
Kendre,Adami,kadami4i@wikia.com,07-03-2022,HIGH_SCHOOL_1TH_GRADE,9387981959
Ario,Domleo,adomleo4j@shop-pro.jp,22-10-2022,HIGH_SCHOOL_1TH_GRADE,7372197692
Moreen,Fatharly,mfatharly4k@cisco.com,21-06-2022,HIGH_SCHOOL_1TH_GRADE,5129139714
Robbie,Casement,rcasement4l@newyorker.com,05-11-2021,HIGH_SCHOOL_1TH_GRADE,5146048850
Saxon,Gautrey,sgautrey4m@flavors.me,24-05-2022,HIGH_SCHOOL_1TH_GRADE,9966995621
Alessandro,Hynard,ahynard4n@jalbum.net,17-06-2023,HIGH_SCHOOL_1TH_GRADE,3758798478
Viviana,Frobisher,vfrobisher4o@skyrock.com,17-08-2021,HIGH_SCHOOL_1TH_GRADE,4663565928
Simona,Stoakley,sstoakley4p@wordpress.org,26-07-2022,HIGH_SCHOOL_1TH_GRADE,1457810564
Gran,Tyrone,gtyrone4q@elpais.com,25-12-2022,HIGH_SCHOOL_1TH_GRADE,5315819342
Granny,Songust,gsongust4r@godaddy.com,06-01-2023,HIGH_SCHOOL_1TH_GRADE,1398661506
Darda,Rickasse,drickasse4s@instagram.com,07-10-2022,HIGH_SCHOOL_1TH_GRADE,3009474173
Conney,Hartles,chartles4t@google.co.uk,20-04-2023,HIGH_SCHOOL_1TH_GRADE,6478968864
Frans,Biagioni,fbiagioni4u@mail.ru,01-10-2021,HIGH_SCHOOL_1TH_GRADE,4359240221
Eduardo,Stanway,estanway4v@theguardian.com,28-06-2023,HIGH_SCHOOL_1TH_GRADE,8768340374
Zach,Holt,zholt4w@symantec.com,07-03-2022,HIGH_SCHOOL_1TH_GRADE,3756183786
Sherman,Puttock,sputtock4x@shinystat.com,17-08-2023,HIGH_SCHOOL_1TH_GRADE,8956345790
Karlie,Juszkiewicz,kjuszkiewicz4y@wikipedia.org,08-08-2023,HIGH_SCHOOL_1TH_GRADE,9822570894
Malina,Spaldin,mspaldin4z@sphinn.com,15-07-2023,HIGH_SCHOOL_1TH_GRADE,5348442805
Chase,Quail,cquail50@sun.com,13-08-2023,HIGH_SCHOOL_1TH_GRADE,5902332849
Alika,Bollands,abollands51@simplemachines.org,09-08-2021,HIGH_SCHOOL_1TH_GRADE,6983334667
Carlin,Edgar,cedgar52@jiathis.com,06-11-2021,HIGH_SCHOOL_1TH_GRADE,1349576090
Bessie,Hofner,bhofner53@paypal.com,09-06-2022,HIGH_SCHOOL_1TH_GRADE,3411582257
Jennica,Hansard,jhansard54@domainmarket.com,16-05-2022,HIGH_SCHOOL_1TH_GRADE,1525994523
Delmar,O'Loghlen,dologhlen55@columbia.edu,25-02-2022,HIGH_SCHOOL_1TH_GRADE,8002872419
Tremaine,Hayer,thayer56@list-manage.com,10-03-2022,HIGH_SCHOOL_1TH_GRADE,9721302942
Alvie,Masseo,amasseo57@oaic.gov.au,21-10-2021,HIGH_SCHOOL_1TH_GRADE,8865365302
Huberto,Virgoe,hvirgoe58@scientificamerican.com,22-03-2022,HIGH_SCHOOL_1TH_GRADE,5114369052
Eveline,Paolotto,epaolotto59@jimdo.com,25-04-2023,HIGH_SCHOOL_1TH_GRADE,9962744246
Lurline,Claasen,lclaasen5a@smugmug.com,03-08-2021,HIGH_SCHOOL_1TH_GRADE,6158257973
Elmer,Butrimovich,ebutrimovich5b@studiopress.com,16-09-2023,HIGH_SCHOOL_1TH_GRADE,1448256573
Herbie,McCathy,hmccathy5c@blogspot.com,27-10-2021,HIGH_SCHOOL_1TH_GRADE,3663872659
Allianora,Habbin,ahabbin5d@g.co,15-11-2022,HIGH_SCHOOL_1TH_GRADE,5132678546
Nat,Surgood,nsurgood5e@icio.us,09-12-2022,HIGH_SCHOOL_1TH_GRADE,1044626520
Bekki,Pestor,bpestor5f@smugmug.com,11-10-2022,HIGH_SCHOOL_1TH_GRADE,9635845155
Brad,Janusz,bjanusz5g@answers.com,15-10-2023,HIGH_SCHOOL_1TH_GRADE,9976228056
Quinta,Linning,qlinning5h@mozilla.org,25-04-2023,HIGH_SCHOOL_1TH_GRADE,4247111172
Theda,Sumpner,tsumpner5i@economist.com,01-01-2022,HIGH_SCHOOL_1TH_GRADE,3247911793
Judon,Edensor,jedensor5j@youtu.be,28-03-2023,HIGH_SCHOOL_1TH_GRADE,1739080909
Sigfried,Checklin,schecklin5k@netscape.com,13-12-2021,HIGH_SCHOOL_1TH_GRADE,4661853517
Abby,Rollin,arollin5l@google.com.hk,21-12-2021,HIGH_SCHOOL_1TH_GRADE,7469615899
Gar,Monnelly,gmonnelly5m@blogger.com,20-08-2023,HIGH_SCHOOL_1TH_GRADE,1241131448
Estelle,Eskrigg,eeskrigg5n@webnode.com,18-11-2022,HIGH_SCHOOL_1TH_GRADE,1013146451
Gustaf,Tesseyman,gtesseyman5o@paypal.com,27-03-2022,HIGH_SCHOOL_1TH_GRADE,2157351502
Vidovik,MacRanald,vmacranald5p@example.com,30-11-2022,HIGH_SCHOOL_1TH_GRADE,3055320023
Jillayne,Thaine,jthaine5q@tripod.com,09-12-2022,HIGH_SCHOOL_1TH_GRADE,1883733837
Gnni,Daveridge,gdaveridge5r@blinklist.com,15-06-2023,HIGH_SCHOOL_1TH_GRADE,7087562932
Kalil,Demangeot,kdemangeot5s@ning.com,25-09-2021,HIGH_SCHOOL_1TH_GRADE,1496249639
Grenville,Imeson,gimeson5t@devhub.com,18-12-2021,HIGH_SCHOOL_1TH_GRADE,6609754859
Sascha,Drewett,sdrewett5u@hubpages.com,05-02-2023,HIGH_SCHOOL_1TH_GRADE,6003667920
Esmeralda,Rawll,erawll5v@cnn.com,24-07-2021,HIGH_SCHOOL_1TH_GRADE,1302857580
Casandra,Hembrow,chembrow5w@scientificamerican.com,27-10-2023,HIGH_SCHOOL_1TH_GRADE,4504205312
Quinta,Paute,qpaute5x@google.com.hk,05-10-2023,HIGH_SCHOOL_1TH_GRADE,6644132115
Zonnya,Filchagin,zfilchagin5y@godaddy.com,20-12-2021,HIGH_SCHOOL_1TH_GRADE,2827007855
Antoinette,Trobey,atrobey5z@timesonline.co.uk,29-09-2022,HIGH_SCHOOL_1TH_GRADE,8216528088
Reina,Costar,rcostar60@bbb.org,10-05-2022,HIGH_SCHOOL_1TH_GRADE,2515374357
Antoni,Fransinelli,afransinelli61@smh.com.au,27-11-2022,HIGH_SCHOOL_1TH_GRADE,2971722630
Charla,Durnford,cdurnford62@jiathis.com,23-07-2022,HIGH_SCHOOL_1TH_GRADE,6269910963
Rosaleen,Paterno,rpaterno63@over-blog.com,15-06-2022,HIGH_SCHOOL_1TH_GRADE,2351727994
Harry,Bernard,hbernard64@storify.com,24-12-2022,HIGH_SCHOOL_1TH_GRADE,1374064739
Constantia,Hrynczyk,chrynczyk65@woothemes.com,24-09-2022,HIGH_SCHOOL_1TH_GRADE,6956190006
Janey,Briscow,jbriscow66@uol.com.br,21-10-2022,HIGH_SCHOOL_1TH_GRADE,4861858087
Cletus,Moulding,cmoulding67@ucoz.com,28-08-2023,HIGH_SCHOOL_1TH_GRADE,7185910481
Christian,Hanway,chanway68@wired.com,26-12-2022,HIGH_SCHOOL_1TH_GRADE,3728830633
Maura,Kurtis,mkurtis69@edublogs.org,01-09-2022,HIGH_SCHOOL_1TH_GRADE,5832685718
Sissie,Blockwell,sblockwell6a@engadget.com,23-07-2021,HIGH_SCHOOL_1TH_GRADE,9007436273
Garik,Quade,gquade6b@php.net,03-12-2021,HIGH_SCHOOL_1TH_GRADE,3197844978
Candis,Oleshunin,coleshunin6c@barnesandnoble.com,27-05-2022,HIGH_SCHOOL_1TH_GRADE,4519052873
Jedidiah,Elan,jelan6d@diigo.com,27-08-2021,HIGH_SCHOOL_1TH_GRADE,7028689443
Merl,Narramore,mnarramore6e@vinaora.com,26-01-2022,HIGH_SCHOOL_1TH_GRADE,7982893532
Dieter,Cohn,dcohn6f@instagram.com,18-03-2022,HIGH_SCHOOL_1TH_GRADE,6514043010
Moore,Annand,mannand6g@boston.com,03-03-2022,HIGH_SCHOOL_1TH_GRADE,5836799031
Colleen,Rohfsen,crohfsen6h@google.it,06-06-2023,HIGH_SCHOOL_1TH_GRADE,2848235526
Yvonne,Aherne,yaherne6i@ocn.ne.jp,10-12-2022,HIGH_SCHOOL_1TH_GRADE,9732999000
Sandro,Jina,sjina6j@g.co,24-10-2022,HIGH_SCHOOL_1TH_GRADE,9564158970
Burtie,Viste,bviste6k@dyndns.org,06-07-2023,HIGH_SCHOOL_1TH_GRADE,4136929382
Clarence,Goodridge,cgoodridge6l@bluehost.com,17-09-2023,HIGH_SCHOOL_1TH_GRADE,3525102250
Alyce,Verrillo,averrillo6m@usatoday.com,19-11-2021,HIGH_SCHOOL_1TH_GRADE,9521086366
Clarice,Lougheed,clougheed6n@furl.net,26-01-2022,HIGH_SCHOOL_1TH_GRADE,4837837627
Gwynne,Fitzjohn,gfitzjohn6o@sciencedaily.com,09-12-2022,HIGH_SCHOOL_1TH_GRADE,6381921859
Lotta,McBean,lmcbean6p@yellowpages.com,28-12-2021,HIGH_SCHOOL_1TH_GRADE,5676344776
Cymbre,Matteoni,cmatteoni6q@soup.io,10-02-2022,HIGH_SCHOOL_1TH_GRADE,7593320356
Tiphani,Gribben,tgribben6r@newyorker.com,28-07-2021,HIGH_SCHOOL_1TH_GRADE,2027342650
Helli,Lawther,hlawther6s@dedecms.com,01-09-2022,HIGH_SCHOOL_1TH_GRADE,3586986884
Charisse,Pilbury,cpilbury6t@shutterfly.com,14-03-2022,HIGH_SCHOOL_1TH_GRADE,1934855685
Maritsa,Biaggelli,mbiaggelli6u@wordpress.org,06-11-2021,HIGH_SCHOOL_1TH_GRADE,3554882743
Korey,MacDearmid,kmacdearmid6v@desdev.cn,10-10-2022,HIGH_SCHOOL_1TH_GRADE,8135292749
Stormi,Corns,scorns6w@google.pl,23-10-2022,HIGH_SCHOOL_1TH_GRADE,5965388308
Granville,Jentle,gjentle6x@seattletimes.com,25-08-2022,HIGH_SCHOOL_1TH_GRADE,5683568807
Sascha,Dasent,sdasent6y@businessweek.com,07-06-2023,HIGH_SCHOOL_1TH_GRADE,8016859258
Cody,Leahey,cleahey6z@so-net.ne.jp,01-09-2022,HIGH_SCHOOL_1TH_GRADE,1896512767
Eustace,Tschierse,etschierse70@webmd.com,16-11-2023,HIGH_SCHOOL_1TH_GRADE,4001070796
Leonhard,Albin,lalbin71@google.com.br,19-05-2022,HIGH_SCHOOL_1TH_GRADE,9559228399
Brice,MacKenney,bmackenney72@theguardian.com,16-11-2022,HIGH_SCHOOL_1TH_GRADE,8768275940
Evanne,Holyland,eholyland73@fc2.com,21-10-2023,HIGH_SCHOOL_1TH_GRADE,6042264899
Bobbie,Rosbrough,brosbrough74@usatoday.com,23-07-2021,HIGH_SCHOOL_1TH_GRADE,3869707405
Jacquelyn,Prene,jprene75@ovh.net,02-10-2023,HIGH_SCHOOL_1TH_GRADE,8882751575
Marci,Kilmary,mkilmary76@slate.com,06-05-2023,HIGH_SCHOOL_1TH_GRADE,6933075739
Nadiya,Brende,nbrende77@eventbrite.com,18-11-2022,HIGH_SCHOOL_1TH_GRADE,7784964747
Dodie,Maciejak,dmaciejak78@howstuffworks.com,24-05-2022,HIGH_SCHOOL_1TH_GRADE,7268904316
Royal,Deverock,rdeverock79@hhs.gov,02-01-2023,HIGH_SCHOOL_1TH_GRADE,8378471452
Hetti,Wesley,hwesley7a@addthis.com,22-03-2023,HIGH_SCHOOL_1TH_GRADE,3212536749
Worthington,Apfler,wapfler7b@simplemachines.org,29-03-2022,HIGH_SCHOOL_1TH_GRADE,1697242257
Anallese,Playle,aplayle7c@ca.gov,22-10-2022,HIGH_SCHOOL_1TH_GRADE,8387809605
Karyl,Robelet,krobelet7d@huffingtonpost.com,16-08-2022,HIGH_SCHOOL_1TH_GRADE,6954628121
Tedd,Batecok,tbatecok7e@mail.ru,09-05-2022,HIGH_SCHOOL_1TH_GRADE,1244137556
Marcelia,Adamowicz,madamowicz7f@drupal.org,14-01-2023,HIGH_SCHOOL_1TH_GRADE,7307218213
Jena,Worsnap,jworsnap7g@google.ca,24-01-2022,HIGH_SCHOOL_1TH_GRADE,8133391527
Amby,Udall,audall7h@fastcompany.com,08-07-2022,HIGH_SCHOOL_1TH_GRADE,6797005902
Jenilee,Hamblen,jhamblen7i@webnode.com,03-11-2021,HIGH_SCHOOL_1TH_GRADE,3802776874
Oralla,Arundell,oarundell7j@springer.com,11-01-2022,HIGH_SCHOOL_1TH_GRADE,1968955369
Betti,Wenger,bwenger7k@nsw.gov.au,28-12-2022,HIGH_SCHOOL_1TH_GRADE,6098098959
Katee,Hucquart,khucquart7l@themeforest.net,18-04-2022,HIGH_SCHOOL_1TH_GRADE,5405234654
Anthea,Kunzel,akunzel7m@techcrunch.com,13-02-2023,HIGH_SCHOOL_1TH_GRADE,8304759402
Bengt,Laffan,blaffan7n@mapquest.com,23-07-2022,HIGH_SCHOOL_1TH_GRADE,9953761596
Hedvig,Haycraft,hhaycraft7o@hostgator.com,21-02-2023,HIGH_SCHOOL_1TH_GRADE,4406110104
Rosalinda,Boichat,rboichat7p@example.com,30-09-2023,HIGH_SCHOOL_1TH_GRADE,1685392532
Redd,Mogey,rmogey7q@imageshack.us,26-09-2023,HIGH_SCHOOL_1TH_GRADE,9538663022
Janka,Cockrem,jcockrem7r@weibo.com,25-09-2021,HIGH_SCHOOL_1TH_GRADE,4464303810
Kareem,Layburn,klayburn7s@princeton.edu,05-09-2023,HIGH_SCHOOL_1TH_GRADE,1248184276
Blane,Silson,bsilson7t@1688.com,10-09-2022,HIGH_SCHOOL_1TH_GRADE,6644595350
Ranice,Ullrich,rullrich7u@shareasale.com,25-01-2023,HIGH_SCHOOL_1TH_GRADE,2385333013
Chaunce,Quilligan,cquilligan7v@nsw.gov.au,20-07-2021,HIGH_SCHOOL_1TH_GRADE,5888442483
Gabie,Scallon,gscallon7w@aol.com,21-10-2023,HIGH_SCHOOL_1TH_GRADE,7204021693
Abigael,Hartgill,ahartgill7x@usda.gov,24-01-2023,HIGH_SCHOOL_1TH_GRADE,1939690947
Angelo,Jagiello,ajagiello7y@reddit.com,13-04-2022,HIGH_SCHOOL_1TH_GRADE,7657184792
Dion,Wythill,dwythill7z@hhs.gov,24-06-2022,HIGH_SCHOOL_1TH_GRADE,7482905748
Dickie,Artus,dartus80@salon.com,20-02-2023,HIGH_SCHOOL_1TH_GRADE,8469724680
Kai,Gateman,kgateman81@usda.gov,21-04-2023,HIGH_SCHOOL_1TH_GRADE,5001971914
Theresita,Trimble,ttrimble82@buzzfeed.com,26-12-2022,HIGH_SCHOOL_1TH_GRADE,2478809574
Margy,Schruurs,mschruurs83@bravesites.com,17-02-2023,HIGH_SCHOOL_1TH_GRADE,9042093769
Consolata,Blinckhorne,cblinckhorne84@vistaprint.com,02-08-2021,HIGH_SCHOOL_1TH_GRADE,6781718923
Cirstoforo,Badland,cbadland85@spotify.com,01-08-2022,HIGH_SCHOOL_1TH_GRADE,6247156205
Penn,Beevis,pbeevis86@sakura.ne.jp,08-02-2022,HIGH_SCHOOL_1TH_GRADE,7224506961
Sheppard,Iacomi,siacomi87@globo.com,08-06-2022,HIGH_SCHOOL_1TH_GRADE,3942826430
Cobby,Wybourne,cwybourne88@amazon.com,31-07-2021,HIGH_SCHOOL_1TH_GRADE,2053025280
Bennie,Castelijn,bcastelijn89@sohu.com,19-03-2023,HIGH_SCHOOL_1TH_GRADE,8012146242
Boothe,Jablonski,bjablonski8a@ocn.ne.jp,23-07-2023,HIGH_SCHOOL_1TH_GRADE,7561752918
Auberta,Lowdyane,alowdyane8b@epa.gov,21-08-2023,HIGH_SCHOOL_1TH_GRADE,1382298732
Cordell,Harradence,charradence8c@homestead.com,17-07-2021,HIGH_SCHOOL_1TH_GRADE,7616008098
Andrus,Chadderton,achadderton8d@lulu.com,03-08-2021,HIGH_SCHOOL_1TH_GRADE,8235314741
Gerianne,Arens,garens8e@eepurl.com,08-01-2022,HIGH_SCHOOL_1TH_GRADE,4423014630
Spence,Lindroos,slindroos8f@slate.com,08-03-2022,HIGH_SCHOOL_1TH_GRADE,8261477874
Rem,Beiderbecke,rbeiderbecke8g@nbcnews.com,19-09-2022,HIGH_SCHOOL_1TH_GRADE,8387965820
Herschel,Snoxall,hsnoxall8h@virginia.edu,13-06-2023,HIGH_SCHOOL_1TH_GRADE,6003010095
Burl,Hartburn,bhartburn8i@hostgator.com,27-08-2021,HIGH_SCHOOL_1TH_GRADE,9928573823
Jacki,Dzenisenka,jdzenisenka8j@wiley.com,06-08-2021,HIGH_SCHOOL_1TH_GRADE,2552903083
Hermia,Betz,hbetz8k@ycombinator.com,03-06-2023,HIGH_SCHOOL_1TH_GRADE,8133795553
Townie,McReynold,tmcreynold8l@amazon.de,03-02-2023,HIGH_SCHOOL_1TH_GRADE,1356443984
Percy,Warrillow,pwarrillow8m@wisc.edu,26-08-2021,HIGH_SCHOOL_1TH_GRADE,9362177497
Dehlia,Schruyers,dschruyers8n@stanford.edu,29-09-2023,HIGH_SCHOOL_1TH_GRADE,2909500842
Dot,Vesty,dvesty8o@accuweather.com,22-04-2023,HIGH_SCHOOL_1TH_GRADE,2712236699
Teresita,Buesnel,tbuesnel8p@sakura.ne.jp,06-01-2022,HIGH_SCHOOL_1TH_GRADE,2384825314
Helenelizabeth,Robelin,hrobelin8q@google.com.br,01-07-2022,HIGH_SCHOOL_1TH_GRADE,3052008174
Mercy,Boggs,mboggs8r@intel.com,21-04-2022,HIGH_SCHOOL_1TH_GRADE,7819451833
Clemmie,Greated,cgreated8s@fda.gov,02-08-2021,HIGH_SCHOOL_1TH_GRADE,8774924390
Tandy,Grimolbie,tgrimolbie8t@dropbox.com,25-09-2022,HIGH_SCHOOL_1TH_GRADE,3611551403
Henri,Platfoot,hplatfoot8u@icq.com,19-12-2022,HIGH_SCHOOL_1TH_GRADE,7388745463
Jobey,Hoyte,jhoyte8v@wisc.edu,25-11-2021,HIGH_SCHOOL_1TH_GRADE,3893381575
Nessy,Karpfen,nkarpfen8w@artisteer.com,22-08-2022,HIGH_SCHOOL_1TH_GRADE,8521744617
Vasily,Cumbes,vcumbes8x@ask.com,14-02-2023,HIGH_SCHOOL_1TH_GRADE,2597576646
Bevin,De Bernardi,bdebernardi8y@wikimedia.org,17-07-2022,HIGH_SCHOOL_1TH_GRADE,4093221587
Edik,Gavrielli,egavrielli8z@studiopress.com,25-12-2021,HIGH_SCHOOL_1TH_GRADE,7386248386
Cullen,Olsen,colsen90@desdev.cn,08-06-2023,HIGH_SCHOOL_1TH_GRADE,6828978300
Tonye,Hoble,thoble91@wikipedia.org,24-12-2022,HIGH_SCHOOL_1TH_GRADE,7512371072
Dag,Chattell,dchattell92@patch.com,14-12-2022,HIGH_SCHOOL_1TH_GRADE,1296154157
Aidan,Crellim,acrellim93@java.com,06-02-2022,HIGH_SCHOOL_1TH_GRADE,8821250540
Laurene,Ubach,lubach94@telegraph.co.uk,01-02-2023,HIGH_SCHOOL_1TH_GRADE,5574545706
Bryanty,Hollibone,bhollibone95@uol.com.br,12-07-2022,HIGH_SCHOOL_1TH_GRADE,4973286773
Alika,Pauley,apauley96@economist.com,14-11-2023,HIGH_SCHOOL_1TH_GRADE,1253632066
Anselm,Eldershaw,aeldershaw97@va.gov,23-06-2022,HIGH_SCHOOL_1TH_GRADE,2444447576
Purcell,Rockhall,prockhall98@slideshare.net,03-09-2023,HIGH_SCHOOL_1TH_GRADE,4262993122
Alvinia,Guinan,aguinan99@about.com,31-12-2021,HIGH_SCHOOL_1TH_GRADE,9215659383
Christina,Matthews,cmatthews9a@tuttocitta.it,22-09-2022,HIGH_SCHOOL_1TH_GRADE,2707017197
Jeremie,Birkby,jbirkby9b@businessinsider.com,24-01-2022,HIGH_SCHOOL_1TH_GRADE,7429662159
Marlane,Dabling,mdabling9c@dailymotion.com,10-10-2022,HIGH_SCHOOL_1TH_GRADE,7454241573
Garvy,Mote,gmote9d@ifeng.com,06-09-2023,HIGH_SCHOOL_1TH_GRADE,7541162831
Gusti,Pawelec,gpawelec9e@diigo.com,13-01-2022,HIGH_SCHOOL_1TH_GRADE,5984278298
Boony,Fisby,bfisby9f@istockphoto.com,10-10-2023,HIGH_SCHOOL_1TH_GRADE,1066351587
Gerhard,Atrill,gatrill9g@psu.edu,16-08-2021,HIGH_SCHOOL_1TH_GRADE,1656418476
Selie,Vreede,svreede9h@wiley.com,14-11-2022,HIGH_SCHOOL_1TH_GRADE,1211190308
Hillyer,Camlin,hcamlin9i@latimes.com,19-05-2023,HIGH_SCHOOL_1TH_GRADE,1774291570
Virgie,Grubb,vgrubb9j@hhs.gov,12-05-2022,HIGH_SCHOOL_1TH_GRADE,1829112083
Daniel,Murname,dmurname9k@elpais.com,01-01-2023,HIGH_SCHOOL_1TH_GRADE,6587981552
Adelbert,Drust,adrust9l@wikispaces.com,25-11-2022,HIGH_SCHOOL_1TH_GRADE,1762017519
Jaime,Birchenough,jbirchenough9m@last.fm,21-05-2023,HIGH_SCHOOL_1TH_GRADE,3447721844
Cristie,Quilleash,cquilleash9n@edublogs.org,01-03-2022,HIGH_SCHOOL_1TH_GRADE,2137463711
Vevay,Sitford,vsitford9o@microsoft.com,01-09-2021,HIGH_SCHOOL_1TH_GRADE,6126691200
Dallon,Buckberry,dbuckberry9p@weibo.com,13-09-2022,HIGH_SCHOOL_1TH_GRADE,8242268019
Derby,Dogg,ddogg9q@jugem.jp,02-08-2023,HIGH_SCHOOL_1TH_GRADE,6635749594
Gustie,Warre,gwarre9r@dot.gov,19-08-2021,HIGH_SCHOOL_1TH_GRADE,6077491367
Avictor,Van't Hoff,avanthoff9s@miitbeian.gov.cn,03-12-2022,HIGH_SCHOOL_1TH_GRADE,9506105923
Hulda,Charon,hcharon9t@google.co.uk,02-11-2021,HIGH_SCHOOL_1TH_GRADE,7834220004
Marlin,Sibborn,msibborn9u@comsenz.com,24-11-2021,HIGH_SCHOOL_1TH_GRADE,4967918971
Ransell,Shippey,rshippey9v@timesonline.co.uk,09-09-2022,HIGH_SCHOOL_1TH_GRADE,3176808371
Abby,Brideaux,abrideaux9w@ow.ly,25-01-2023,HIGH_SCHOOL_1TH_GRADE,8503161569
Constance,McTerlagh,cmcterlagh9x@geocities.com,05-04-2022,HIGH_SCHOOL_1TH_GRADE,3185445911
Valentino,Durran,vdurran9y@booking.com,19-11-2022,HIGH_SCHOOL_1TH_GRADE,1253132158
Mallory,Maghull,mmaghull9z@jalbum.net,09-01-2022,HIGH_SCHOOL_1TH_GRADE,4187986518
Becky,Lynskey,blynskeya0@kickstarter.com,22-03-2022,HIGH_SCHOOL_1TH_GRADE,5864210503
Piggy,Kynson,pkynsona1@biglobe.ne.jp,28-03-2023,HIGH_SCHOOL_1TH_GRADE,8365216252
Irena,Jencken,ijenckena2@state.tx.us,11-09-2022,HIGH_SCHOOL_1TH_GRADE,3823271363
Dinnie,Gallier,dgalliera3@spiegel.de,08-10-2022,HIGH_SCHOOL_1TH_GRADE,5857824107
Lincoln,Burkill,lburkilla4@state.gov,25-02-2022,HIGH_SCHOOL_1TH_GRADE,2377577972
Regan,Kleint,rkleinta5@google.ru,18-01-2022,HIGH_SCHOOL_1TH_GRADE,7572845528
Nadeen,Kubasiewicz,nkubasiewicza6@earthlink.net,16-10-2021,HIGH_SCHOOL_1TH_GRADE,9869722373
Emili,Stimpson,estimpsona7@japanpost.jp,01-08-2023,HIGH_SCHOOL_1TH_GRADE,8172010857
Hortense,Brimilcome,hbrimilcomea8@stumbleupon.com,08-12-2022,HIGH_SCHOOL_1TH_GRADE,1458160165
Jasmina,O'Sherin,josherina9@plala.or.jp,27-01-2022,HIGH_SCHOOL_1TH_GRADE,2216742207
Vitoria,Drugan,vdruganaa@example.com,07-10-2021,HIGH_SCHOOL_1TH_GRADE,5293136007
Tarah,Carroll,tcarrollab@bandcamp.com,01-12-2021,HIGH_SCHOOL_1TH_GRADE,2881919774
Blondell,Fawkes,bfawkesac@walmart.com,29-09-2023,HIGH_SCHOOL_1TH_GRADE,2457675877
Rolando,Cregeen,rcregeenad@mac.com,25-07-2023,HIGH_SCHOOL_1TH_GRADE,3569215604
Ava,Brockett,abrockettae@vinaora.com,15-07-2023,HIGH_SCHOOL_1TH_GRADE,8115394728
Annabel,Pahlsson,apahlssonaf@answers.com,24-12-2021,HIGH_SCHOOL_1TH_GRADE,3747977453
Lazare,Kopelman,lkopelmanag@aol.com,04-01-2022,HIGH_SCHOOL_1TH_GRADE,9207683155
Federica,Parlot,fparlotah@google.cn,02-10-2023,HIGH_SCHOOL_1TH_GRADE,7537150411
Bart,Darree,bdarreeai@nyu.edu,21-11-2021,HIGH_SCHOOL_1TH_GRADE,8194892985
Fara,Tethacot,ftethacotaj@barnesandnoble.com,28-03-2022,HIGH_SCHOOL_1TH_GRADE,8509372779
Benedict,Muris,bmurisak@walmart.com,21-10-2021,HIGH_SCHOOL_1TH_GRADE,4136821146
Ossie,Lanfere,olanfereal@weibo.com,12-05-2023,HIGH_SCHOOL_1TH_GRADE,8233156368
Iago,Bumby,ibumbyam@tuttocitta.it,22-09-2022,HIGH_SCHOOL_1TH_GRADE,6925886194
Vanni,Bevington,vbevingtonan@intel.com,26-09-2022,HIGH_SCHOOL_1TH_GRADE,4668800231
Dyane,Duignan,dduignanao@patch.com,15-07-2023,HIGH_SCHOOL_1TH_GRADE,9872626578
Danella,Mastrantone,dmastrantoneap@google.pl,23-07-2023,HIGH_SCHOOL_1TH_GRADE,8661597134
Giffy,Blanch,gblanchaq@pagesperso-orange.fr,09-09-2022,HIGH_SCHOOL_1TH_GRADE,8626513217
Dix,Turrill,dturrillar@biblegateway.com,07-03-2023,HIGH_SCHOOL_1TH_GRADE,9585915254
Berte,Kuhne,bkuhneas@unc.edu,12-04-2023,HIGH_SCHOOL_1TH_GRADE,6043644146
Esdras,Lofts,eloftsat@google.fr,29-05-2022,HIGH_SCHOOL_1TH_GRADE,1293901887
Aeriell,Reade,areadeau@cpanel.net,17-03-2022,HIGH_SCHOOL_1TH_GRADE,8196135695
Addi,Blasoni,ablasoniav@yahoo.co.jp,02-09-2021,HIGH_SCHOOL_1TH_GRADE,9413006891
Juliana,Flannigan,jflanniganaw@ucoz.com,14-05-2022,HIGH_SCHOOL_1TH_GRADE,7927092492
Giorgia,Oleshunin,goleshuninax@ow.ly,10-10-2021,HIGH_SCHOOL_1TH_GRADE,6396941384
Roberto,Sivorn,rsivornay@163.com,02-06-2023,HIGH_SCHOOL_1TH_GRADE,1799642807
Alain,Longshaw,alongshawaz@disqus.com,28-01-2023,HIGH_SCHOOL_1TH_GRADE,4421053385
Cissy,Firminger,cfirmingerb0@freewebs.com,24-11-2021,HIGH_SCHOOL_1TH_GRADE,8624504176
Violante,Vasnetsov,vvasnetsovb1@tuttocitta.it,23-01-2022,HIGH_SCHOOL_1TH_GRADE,2393540778
Laurence,Jedrzejkiewicz,ljedrzejkiewiczb2@shinystat.com,20-11-2021,HIGH_SCHOOL_1TH_GRADE,4388134834
Dorise,Coronado,dcoronadob3@admin.ch,02-03-2022,HIGH_SCHOOL_1TH_GRADE,2822841794
Tallie,Rothery,trotheryb4@seesaa.net,21-11-2023,HIGH_SCHOOL_1TH_GRADE,2172355241
Rosmunda,Wohlers,rwohlersb5@nifty.com,21-06-2022,HIGH_SCHOOL_1TH_GRADE,2886166754
Iago,Bonde,ibondeb6@free.fr,15-09-2021,HIGH_SCHOOL_1TH_GRADE,8908695505
Bil,Gavozzi,bgavozzib7@ftc.gov,01-09-2022,HIGH_SCHOOL_1TH_GRADE,2656758486
Nickolai,Ginnaly,nginnalyb8@google.ru,11-02-2023,HIGH_SCHOOL_1TH_GRADE,2981126071
Binni,Deporte,bdeporteb9@ed.gov,19-05-2022,HIGH_SCHOOL_1TH_GRADE,5268592521
Gasper,Redhole,gredholeba@google.co.uk,01-04-2022,HIGH_SCHOOL_1TH_GRADE,7771756146
Constantino,Moyers,cmoyersbb@163.com,23-09-2022,HIGH_SCHOOL_1TH_GRADE,8485659439
Andrei,Ouldred,aouldredbc@prnewswire.com,05-11-2023,HIGH_SCHOOL_1TH_GRADE,1106589531
Tandi,Kleinhaus,tkleinhausbd@pen.io,25-06-2023,HIGH_SCHOOL_1TH_GRADE,2627792013
Chariot,Sushams,csushamsbe@narod.ru,23-03-2023,HIGH_SCHOOL_1TH_GRADE,1472019587
Michelle,Bernardes,mbernardesbf@yelp.com,19-09-2021,HIGH_SCHOOL_1TH_GRADE,3757985820
Callida,Powell,cpowellbg@fastcompany.com,15-07-2021,HIGH_SCHOOL_1TH_GRADE,9333184600
Gorden,Aloshkin,galoshkinbh@tuttocitta.it,11-03-2023,HIGH_SCHOOL_1TH_GRADE,5321122692
Abrahan,Loveland,alovelandbi@nasa.gov,02-06-2022,HIGH_SCHOOL_1TH_GRADE,3158397469
Rafe,Dalzell,rdalzellbj@ovh.net,05-07-2022,HIGH_SCHOOL_1TH_GRADE,4951009541
Jakob,McLernon,jmclernonbk@gravatar.com,28-08-2022,HIGH_SCHOOL_1TH_GRADE,7364857729
Margarette,Mullaly,mmullalybl@nifty.com,02-03-2023,HIGH_SCHOOL_1TH_GRADE,1889168406
Keenan,Rome,kromebm@woothemes.com,04-10-2022,HIGH_SCHOOL_1TH_GRADE,4032563438
Milka,McNea,mmcneabn@pinterest.com,12-08-2022,HIGH_SCHOOL_1TH_GRADE,9511080087
Merola,Spaughton,mspaughtonbo@engadget.com,29-04-2022,HIGH_SCHOOL_1TH_GRADE,5733858882
Steffie,Kays,skaysbp@hhs.gov,08-03-2023,HIGH_SCHOOL_1TH_GRADE,3679348144
Kimbell,Pepys,kpepysbq@reference.com,11-11-2021,HIGH_SCHOOL_1TH_GRADE,1712698912
Amargo,Stabler,astablerbr@comcast.net,12-08-2022,HIGH_SCHOOL_1TH_GRADE,2324856732
Helaine,Hardwidge,hhardwidgebs@japanpost.jp,31-03-2023,HIGH_SCHOOL_1TH_GRADE,9173192319
Birk,Golbourn,bgolbournbt@acquirethisname.com,09-06-2022,HIGH_SCHOOL_1TH_GRADE,2074514842
Jodee,MacVean,jmacveanbu@webeden.co.uk,03-08-2023,HIGH_SCHOOL_1TH_GRADE,6925769925
Justina,Scotchforth,jscotchforthbv@loc.gov,07-04-2022,HIGH_SCHOOL_1TH_GRADE,7185987732
Elberta,Gillfillan,egillfillanbw@fc2.com,21-05-2023,HIGH_SCHOOL_1TH_GRADE,8589199369
Elsi,Kinnon,ekinnonbx@psu.edu,21-08-2021,HIGH_SCHOOL_1TH_GRADE,1475192699
Huntley,Gilford,hgilfordby@livejournal.com,20-07-2022,HIGH_SCHOOL_1TH_GRADE,8836158044
Nealson,Mainstone,nmainstonebz@cnn.com,09-03-2023,HIGH_SCHOOL_1TH_GRADE,9374994527
Shani,Dewbury,sdewburyc0@webeden.co.uk,04-01-2023,HIGH_SCHOOL_1TH_GRADE,2509104569
Gerik,Beloe,gbeloec1@amazon.com,21-01-2022,HIGH_SCHOOL_1TH_GRADE,1054894908
Opalina,Boddam,oboddamc2@timesonline.co.uk,12-01-2023,HIGH_SCHOOL_1TH_GRADE,9131384422
Ephraim,Casillis,ecasillisc3@jugem.jp,25-10-2022,HIGH_SCHOOL_1TH_GRADE,2741158858
Dorrie,Burl,dburlc4@google.it,13-01-2023,HIGH_SCHOOL_1TH_GRADE,7721261166
Alysia,Brigge,abriggec5@dedecms.com,26-08-2023,HIGH_SCHOOL_1TH_GRADE,7301409805
Cristiano,Bugdale,cbugdalec6@craigslist.org,16-09-2023,HIGH_SCHOOL_1TH_GRADE,9338438399
Rosemaria,Press,rpressc7@deliciousdays.com,12-03-2022,HIGH_SCHOOL_1TH_GRADE,9295724215
Edouard,Clawsley,eclawsleyc8@bandcamp.com,06-09-2023,HIGH_SCHOOL_1TH_GRADE,2899604349
Connie,Elion,celionc9@senate.gov,06-01-2023,HIGH_SCHOOL_1TH_GRADE,4219876546
Perla,Dewi,pdewica@cisco.com,09-01-2022,HIGH_SCHOOL_1TH_GRADE,6853292471
Sindee,Ripping,srippingcb@hibu.com,16-11-2021,HIGH_SCHOOL_1TH_GRADE,3042994116
Tirrell,Brasted,tbrastedcc@skype.com,20-06-2023,HIGH_SCHOOL_1TH_GRADE,6755755253
Jude,Gethen,jgethencd@nature.com,05-09-2021,HIGH_SCHOOL_1TH_GRADE,2434179584
Violetta,Cammiemile,vcammiemilece@google.com.br,14-09-2023,HIGH_SCHOOL_1TH_GRADE,1138120681
Kelwin,Romanin,kromanincf@gov.uk,25-05-2023,HIGH_SCHOOL_1TH_GRADE,1103556604
Lonnie,Lavallin,llavallincg@tmall.com,30-09-2022,HIGH_SCHOOL_1TH_GRADE,7063364539
Fionna,Hinsch,fhinschch@gizmodo.com,16-06-2023,HIGH_SCHOOL_1TH_GRADE,5273513318
Madelaine,Barbour,mbarbourci@uiuc.edu,25-05-2023,HIGH_SCHOOL_1TH_GRADE,7927263641
Burnard,Crucetti,bcrucetticj@aboutads.info,18-03-2022,HIGH_SCHOOL_1TH_GRADE,6567442738
Tiffy,Truggian,ttruggianck@nifty.com,07-11-2021,HIGH_SCHOOL_1TH_GRADE,9401036030
Kai,Menico,kmenicocl@edublogs.org,28-06-2023,HIGH_SCHOOL_1TH_GRADE,9644449291
Dayle,Mougin,dmougincm@friendfeed.com,19-07-2021,HIGH_SCHOOL_1TH_GRADE,4379586774
Pasquale,Ellicock,pellicockcn@multiply.com,06-11-2021,HIGH_SCHOOL_1TH_GRADE,1325230927
Clarie,Brosini,cbrosinico@timesonline.co.uk,28-04-2023,HIGH_SCHOOL_1TH_GRADE,4448094424
Meredeth,Patterfield,mpatterfieldcp@indiatimes.com,22-07-2021,HIGH_SCHOOL_1TH_GRADE,4984608911
Wenda,Severwright,wseverwrightcq@topsy.com,11-07-2023,HIGH_SCHOOL_1TH_GRADE,1331673215
Jinny,Ganter,jgantercr@paginegialle.it,23-02-2022,HIGH_SCHOOL_1TH_GRADE,6698336775
Tirrell,Cannaway,tcannawaycs@nih.gov,16-02-2023,HIGH_SCHOOL_1TH_GRADE,2704972545
Jeramie,Angel,jangelct@microsoft.com,13-10-2023,HIGH_SCHOOL_1TH_GRADE,5121390099
Ginny,Casaletto,gcasalettocu@prnewswire.com,02-07-2022,HIGH_SCHOOL_1TH_GRADE,2834662972
Morlee,Whitebrook,mwhitebrookcv@angelfire.com,07-05-2023,HIGH_SCHOOL_1TH_GRADE,7163665663
Maude,O'Beirne,mobeirnecw@deviantart.com,11-01-2023,HIGH_SCHOOL_1TH_GRADE,7583040583
Hiram,Sampey,hsampeycx@icq.com,10-10-2021,HIGH_SCHOOL_1TH_GRADE,5474840671
Darcie,Bortolazzi,dbortolazzicy@gizmodo.com,29-10-2021,HIGH_SCHOOL_1TH_GRADE,7889523029
Dory,Simoncini,dsimoncinicz@wordpress.com,24-10-2021,HIGH_SCHOOL_1TH_GRADE,9192334827
Simmonds,Whate,swhated0@hibu.com,19-01-2023,HIGH_SCHOOL_1TH_GRADE,5546656343
Rodie,Tejada,rtejadad1@etsy.com,31-12-2021,HIGH_SCHOOL_1TH_GRADE,1294330274
Remington,Wateridge,rwateridged2@bluehost.com,19-07-2021,HIGH_SCHOOL_1TH_GRADE,1759769098
Phyllida,Houldcroft,phouldcroftd3@twitter.com,21-10-2021,HIGH_SCHOOL_1TH_GRADE,7973479052
Sophey,Godilington,sgodilingtond4@wufoo.com,03-05-2022,HIGH_SCHOOL_1TH_GRADE,3045059766
Johannah,Mallett,jmallettd5@printfriendly.com,28-05-2022,HIGH_SCHOOL_1TH_GRADE,3301197002
Isacco,Mahoney,imahoneyd6@myspace.com,21-09-2021,HIGH_SCHOOL_1TH_GRADE,9307131083
Ursala,Meffen,umeffend7@tripadvisor.com,17-09-2023,HIGH_SCHOOL_1TH_GRADE,7813105809
Augy,Billyeald,abillyealdd8@networkadvertising.org,08-03-2023,HIGH_SCHOOL_1TH_GRADE,2881473250
Lora,Potier,lpotierd9@go.com,22-07-2022,HIGH_SCHOOL_1TH_GRADE,7537133484
Adair,Andreu,aandreuda@myspace.com,14-08-2021,HIGH_SCHOOL_1TH_GRADE,7085341516
Peggi,Almeida,palmeidadb@smugmug.com,28-10-2021,HIGH_SCHOOL_1TH_GRADE,8643789526
Irving,Sainsberry,isainsberrydc@nytimes.com,24-11-2022,HIGH_SCHOOL_1TH_GRADE,1393230537
Christian,Harce,charcedd@lycos.com,15-09-2023,HIGH_SCHOOL_1TH_GRADE,9522953421
Saul,Du Fray,sdufrayde@yale.edu,04-06-2022,HIGH_SCHOOL_1TH_GRADE,3973579912
Lisetta,Baldrick,lbaldrickdf@harvard.edu,04-08-2022,HIGH_SCHOOL_1TH_GRADE,3183198592
Diego,McArte,dmcartedg@furl.net,01-08-2022,HIGH_SCHOOL_1TH_GRADE,5264196338
Katey,Brownett,kbrownettdh@shop-pro.jp,27-11-2021,HIGH_SCHOOL_1TH_GRADE,9446799549
Artemus,Duell,aduelldi@ning.com,25-10-2021,HIGH_SCHOOL_1TH_GRADE,7906693405
Adelle,Sisnett,asisnettdj@edublogs.org,07-05-2023,HIGH_SCHOOL_1TH_GRADE,7908971172
Gerrard,Bunclark,gbunclarkdk@spiegel.de,27-08-2023,HIGH_SCHOOL_1TH_GRADE,4481965376
Marlena,Witt,mwittdl@cbsnews.com,25-06-2023,HIGH_SCHOOL_1TH_GRADE,1936642937
Corissa,Bindon,cbindondm@4shared.com,05-07-2022,HIGH_SCHOOL_1TH_GRADE,5027572069
Gwenore,Waldocke,gwaldockedn@com.com,21-08-2021,HIGH_SCHOOL_1TH_GRADE,1306073627
Patrice,Guerry,pguerrydo@cocolog-nifty.com,19-06-2022,HIGH_SCHOOL_1TH_GRADE,7711737367
Thom,Mattioni,tmattionidp@noaa.gov,11-08-2023,HIGH_SCHOOL_1TH_GRADE,4004693195
Vivyanne,Vobes,vvobesdq@163.com,08-02-2022,HIGH_SCHOOL_1TH_GRADE,1414789153
Yule,Sloan,ysloandr@webnode.com,29-07-2023,HIGH_SCHOOL_1TH_GRADE,9187181797
Orbadiah,Ackermann,oackermannds@bloglovin.com,21-01-2022,HIGH_SCHOOL_1TH_GRADE,3141535369
Eleonora,Feighney,efeighneydt@flickr.com,31-10-2022,HIGH_SCHOOL_1TH_GRADE,1132642441
Abbe,Semechik,asemechikdu@oakley.com,18-11-2021,HIGH_SCHOOL_1TH_GRADE,2504643774
Dean,Skelhorne,dskelhornedv@parallels.com,09-11-2022,HIGH_SCHOOL_1TH_GRADE,7334986015
Kennith,Pires,kpiresdw@wikia.com,13-07-2023,HIGH_SCHOOL_1TH_GRADE,7671921217
Vyky,Gerardi,vgerardidx@privacy.gov.au,11-07-2022,HIGH_SCHOOL_1TH_GRADE,5113733594
Arvy,Ratley,aratleydy@sakura.ne.jp,15-07-2023,HIGH_SCHOOL_1TH_GRADE,8786839799
Christoffer,Beare,cbearedz@rakuten.co.jp,03-05-2022,HIGH_SCHOOL_1TH_GRADE,5048170408
Vail,Lamond,vlamonde0@businesswire.com,05-04-2022,HIGH_SCHOOL_1TH_GRADE,4046147449
Dylan,Landon,dlandone1@devhub.com,03-09-2023,HIGH_SCHOOL_1TH_GRADE,6837700619
Ursula,Jados,ujadose2@census.gov,02-12-2021,HIGH_SCHOOL_1TH_GRADE,4208130612
Sebastien,Reedman,sreedmane3@pagesperso-orange.fr,28-10-2021,HIGH_SCHOOL_1TH_GRADE,6105529244
Sonnie,Bravery,sbraverye4@histats.com,13-12-2022,HIGH_SCHOOL_1TH_GRADE,5229560131
Marlowe,Newbatt,mnewbatte5@census.gov,18-10-2022,HIGH_SCHOOL_1TH_GRADE,3491566941
Herbie,Whybray,hwhybraye6@elpais.com,19-05-2023,HIGH_SCHOOL_1TH_GRADE,5767583189
Logan,Winskill,lwinskille7@eventbrite.com,02-11-2021,HIGH_SCHOOL_1TH_GRADE,5997623892
Nolly,Lawry,nlawrye8@merriam-webster.com,02-01-2022,HIGH_SCHOOL_1TH_GRADE,5379324331
Anstice,Radley,aradleye9@wp.com,29-11-2021,HIGH_SCHOOL_1TH_GRADE,9479190405
Christine,Spinola,cspinolaea@google.co.uk,23-07-2021,HIGH_SCHOOL_1TH_GRADE,5338067383
Maggi,Turney,mturneyeb@angelfire.com,14-03-2023,HIGH_SCHOOL_1TH_GRADE,6481118499
Nancee,Crumly,ncrumlyec@pinterest.com,23-08-2022,HIGH_SCHOOL_1TH_GRADE,4615212158
Hewett,Seint,hseinted@blogger.com,13-10-2022,HIGH_SCHOOL_1TH_GRADE,8644272435
Dud,Linzee,dlinzeeee@youtube.com,10-04-2022,HIGH_SCHOOL_1TH_GRADE,3347324678
Moises,Baudacci,mbaudaccief@nih.gov,07-04-2022,HIGH_SCHOOL_1TH_GRADE,4242498468
Merry,Curson,mcursoneg@deliciousdays.com,27-06-2022,HIGH_SCHOOL_1TH_GRADE,7262000633
Orel,Kew,okeweh@1688.com,14-06-2022,HIGH_SCHOOL_1TH_GRADE,4104820027
Hester,McGrirl,hmcgrirlei@microsoft.com,24-12-2022,HIGH_SCHOOL_1TH_GRADE,9702212333
Garrott,O'Leagham,goleaghamej@dell.com,06-02-2022,HIGH_SCHOOL_1TH_GRADE,8399494757
Mose,Cromar,mcromarek@hexun.com,17-03-2023,HIGH_SCHOOL_1TH_GRADE,3759423578
Saree,Jiroutek,sjiroutekel@washingtonpost.com,31-08-2023,HIGH_SCHOOL_1TH_GRADE,8481972208
Yvette,Dey,ydeyem@tripadvisor.com,20-04-2022,HIGH_SCHOOL_1TH_GRADE,9191852931
Tilda,Raggett,traggetten@twitter.com,20-09-2023,HIGH_SCHOOL_1TH_GRADE,7355892264
Hephzibah,Carrol,hcarroleo@51.la,13-08-2023,HIGH_SCHOOL_1TH_GRADE,4482328161
Nertie,Sydry,nsydryep@ehow.com,21-10-2023,HIGH_SCHOOL_1TH_GRADE,8966601892
Laurel,Suttling,lsuttlingeq@lulu.com,30-01-2023,HIGH_SCHOOL_1TH_GRADE,4735165456
Wernher,Clarridge,wclarridgeer@slashdot.org,27-03-2022,HIGH_SCHOOL_1TH_GRADE,4655731417
Rudie,Abel,rabeles@xinhuanet.com,25-04-2023,HIGH_SCHOOL_1TH_GRADE,8718867840
Tulley,Brosi,tbrosiet@umich.edu,19-10-2021,HIGH_SCHOOL_1TH_GRADE,6292602102
Kamillah,Sieghard,ksieghardeu@comsenz.com,28-01-2022,HIGH_SCHOOL_1TH_GRADE,1076054289
Nat,Metcalf,nmetcalfev@kickstarter.com,14-09-2023,HIGH_SCHOOL_1TH_GRADE,8356098495
Torrie,Britney,tbritneyew@smugmug.com,02-03-2023,HIGH_SCHOOL_1TH_GRADE,6743931389
Dominic,Moyer,dmoyerex@cloudflare.com,14-09-2021,HIGH_SCHOOL_1TH_GRADE,2853945780
Eolande,Matlock,ematlockey@umn.edu,16-04-2023,HIGH_SCHOOL_1TH_GRADE,5744672589
Missie,Brambell,mbrambellez@telegraph.co.uk,09-01-2022,HIGH_SCHOOL_1TH_GRADE,6517196153
Nils,Thoumasson,nthoumassonf0@hc360.com,30-10-2022,HIGH_SCHOOL_1TH_GRADE,1756674768
Mireille,Markey,mmarkeyf1@angelfire.com,27-01-2023,HIGH_SCHOOL_1TH_GRADE,1557911590
Dewain,Berston,dberstonf2@japanpost.jp,22-03-2023,HIGH_SCHOOL_1TH_GRADE,5029331237
Meredeth,Sellers,msellersf3@wired.com,06-01-2023,HIGH_SCHOOL_1TH_GRADE,3558857152
Cassandry,Potier,cpotierf4@alibaba.com,20-07-2023,HIGH_SCHOOL_1TH_GRADE,8452434682
Derron,Oglesbee,doglesbeef5@earthlink.net,28-09-2021,HIGH_SCHOOL_1TH_GRADE,8928079425
Jae,Celand,jcelandf6@rediff.com,28-04-2023,HIGH_SCHOOL_1TH_GRADE,2016436685
Pepillo,Cantera,pcanteraf7@samsung.com,15-11-2022,HIGH_SCHOOL_1TH_GRADE,4168749181
Kerwin,Farrier,kfarrierf8@hp.com,15-04-2023,HIGH_SCHOOL_1TH_GRADE,7493453715
Idaline,Thorouggood,ithorouggoodf9@ftc.gov,19-07-2023,HIGH_SCHOOL_1TH_GRADE,2647558425
Raquela,Schollick,rschollickfa@vistaprint.com,08-04-2023,HIGH_SCHOOL_1TH_GRADE,3341261660
Ilysa,Jiru,ijirufb@xrea.com,29-07-2021,HIGH_SCHOOL_1TH_GRADE,7285268606
Raddie,Mendez,rmendezfc@behance.net,29-08-2021,HIGH_SCHOOL_1TH_GRADE,4364884467
Alyosha,Mingo,amingofd@unblog.fr,15-09-2022,HIGH_SCHOOL_1TH_GRADE,8919617534
Glendon,Dowdell,gdowdellfe@thetimes.co.uk,13-09-2023,HIGH_SCHOOL_1TH_GRADE,4491740897
Cordelia,Beddard,cbeddardff@behance.net,26-02-2022,HIGH_SCHOOL_1TH_GRADE,6655803672
Starlin,Sime,ssimefg@usda.gov,15-07-2023,HIGH_SCHOOL_1TH_GRADE,3036827476
Cher,Sarfatti,csarfattifh@clickbank.net,24-04-2022,HIGH_SCHOOL_1TH_GRADE,3639281575
Michaella,Claffey,mclaffeyfi@mediafire.com,06-04-2023,HIGH_SCHOOL_1TH_GRADE,3313252932
Cassey,Seelbach,cseelbachfj@exblog.jp,11-08-2022,HIGH_SCHOOL_1TH_GRADE,8277045093
Maxy,Fibben,mfibbenfk@posterous.com,12-03-2023,HIGH_SCHOOL_1TH_GRADE,5159982786
Dayle,Cawcutt,dcawcuttfl@walmart.com,22-09-2021,HIGH_SCHOOL_1TH_GRADE,3842568216
Claudina,Chimes,cchimesfm@hugedomains.com,07-08-2021,HIGH_SCHOOL_1TH_GRADE,9392976293
Essy,Corpe,ecorpefn@google.nl,18-02-2022,HIGH_SCHOOL_1TH_GRADE,4146511409
Tabbie,Cunney,tcunneyfo@scribd.com,02-01-2023,HIGH_SCHOOL_1TH_GRADE,4272868378
Tatiania,Libermore,tlibermorefp@surveymonkey.com,23-10-2021,HIGH_SCHOOL_1TH_GRADE,3389443603
Aldric,Cometto,acomettofq@boston.com,06-09-2023,HIGH_SCHOOL_1TH_GRADE,4244140545
Elwira,Lawtey,elawteyfr@ed.gov,15-11-2022,HIGH_SCHOOL_1TH_GRADE,5029218057
Gradeigh,Rickardes,grickardesfs@rambler.ru,14-12-2021,HIGH_SCHOOL_1TH_GRADE,4216597621
Vladimir,Chesters,vchestersft@4shared.com,30-11-2021,HIGH_SCHOOL_1TH_GRADE,4952165099
Faydra,Tunkin,ftunkinfu@sakura.ne.jp,05-10-2021,HIGH_SCHOOL_1TH_GRADE,9789632247
Avrom,Ernshaw,aernshawfv@latimes.com,08-05-2022,HIGH_SCHOOL_1TH_GRADE,6466483136
Demeter,Moorey,dmooreyfw@diigo.com,19-09-2021,HIGH_SCHOOL_1TH_GRADE,2615345398
Libbie,Vasyunin,lvasyuninfx@behance.net,09-07-2022,HIGH_SCHOOL_1TH_GRADE,8525699938
Dyane,Bene,dbenefy@ebay.com,25-12-2021,HIGH_SCHOOL_1TH_GRADE,1879271210
Toby,Rowney,trowneyfz@ehow.com,18-12-2022,HIGH_SCHOOL_1TH_GRADE,8039905763
Lainey,Dodswell,ldodswellg0@utexas.edu,25-05-2023,HIGH_SCHOOL_1TH_GRADE,7558140175
Neron,Vasyanin,nvasyaning1@ocn.ne.jp,27-07-2023,HIGH_SCHOOL_1TH_GRADE,5717160939
Marillin,Yendle,myendleg2@e-recht24.de,12-03-2022,HIGH_SCHOOL_1TH_GRADE,9053895830
Yetty,Vial,yvialg3@fc2.com,18-08-2022,HIGH_SCHOOL_1TH_GRADE,4112676334
Holt,Gulc,hgulcg4@scientificamerican.com,21-03-2023,HIGH_SCHOOL_1TH_GRADE,5934220066
Harv,Copnar,hcopnarg5@jiathis.com,04-05-2023,HIGH_SCHOOL_1TH_GRADE,1837650234
Sim,Bewfield,sbewfieldg6@hao123.com,22-01-2023,HIGH_SCHOOL_1TH_GRADE,4049269584
Caron,Mitford,cmitfordg7@columbia.edu,23-07-2023,HIGH_SCHOOL_1TH_GRADE,6878746991
Shae,Winscom,swinscomg8@ihg.com,22-06-2022,HIGH_SCHOOL_1TH_GRADE,3081302357
Dari,Sprowson,dsprowsong9@edublogs.org,26-10-2021,HIGH_SCHOOL_1TH_GRADE,2458430973
Edgardo,Selwyn,eselwynga@ezinearticles.com,15-05-2022,HIGH_SCHOOL_1TH_GRADE,7225492212
Charmain,Pecha,cpechagb@vinaora.com,25-03-2023,HIGH_SCHOOL_1TH_GRADE,9448524876
Marris,Scemp,mscempgc@nymag.com,02-08-2021,HIGH_SCHOOL_1TH_GRADE,1488328258
Katee,Botwright,kbotwrightgd@toplist.cz,25-05-2022,HIGH_SCHOOL_1TH_GRADE,1401389839
Josephina,Ballaam,jballaamge@nps.gov,22-06-2023,HIGH_SCHOOL_1TH_GRADE,8046325414
Erek,Gunter,eguntergf@hud.gov,20-08-2022,HIGH_SCHOOL_1TH_GRADE,3213653232
Nestor,Cromly,ncromlygg@canalblog.com,09-06-2022,HIGH_SCHOOL_1TH_GRADE,4103988759
Saba,Bisley,sbisleygh@marketwatch.com,27-05-2023,HIGH_SCHOOL_1TH_GRADE,6564808584
Symon,Trowsdall,strowsdallgi@behance.net,02-08-2023,HIGH_SCHOOL_1TH_GRADE,5106721891
Malissa,Seyffert,mseyffertgj@mediafire.com,06-11-2022,HIGH_SCHOOL_1TH_GRADE,6589318107
Brynna,Sollett,bsollettgk@nps.gov,03-11-2021,HIGH_SCHOOL_1TH_GRADE,9718491354
Charita,Lewerenz,clewerenzgl@nifty.com,20-01-2023,HIGH_SCHOOL_1TH_GRADE,8081164371
Elie,Grimmett,egrimmettgm@yale.edu,09-03-2022,HIGH_SCHOOL_1TH_GRADE,8505653213
Venus,McKibbin,vmckibbingn@time.com,06-06-2022,HIGH_SCHOOL_1TH_GRADE,4545999584
Allina,Sinyard,asinyardgo@dion.ne.jp,06-02-2022,HIGH_SCHOOL_1TH_GRADE,6556181567
Ruby,Rosterne,rrosternegp@skyrock.com,18-01-2022,HIGH_SCHOOL_1TH_GRADE,3683279718
Silvia,Bothie,sbothiegq@bravesites.com,06-11-2022,HIGH_SCHOOL_1TH_GRADE,8529474295
Devonne,Farherty,dfarhertygr@surveymonkey.com,07-04-2022,HIGH_SCHOOL_1TH_GRADE,4933426828
Hussein,Topling,htoplinggs@nationalgeographic.com,12-11-2023,HIGH_SCHOOL_1TH_GRADE,3821619373
Prentiss,Aylward,paylwardgt@harvard.edu,13-10-2022,HIGH_SCHOOL_1TH_GRADE,7817649728
Midge,Hailes,mhailesgu@miitbeian.gov.cn,11-10-2021,HIGH_SCHOOL_1TH_GRADE,4339708663
Pattie,Walding,pwaldinggv@chicagotribune.com,01-10-2022,HIGH_SCHOOL_1TH_GRADE,4258102942
Jenn,Spennock,jspennockgw@hhs.gov,23-01-2023,HIGH_SCHOOL_1TH_GRADE,4339155275
Rubina,Poluzzi,rpoluzzigx@bigcartel.com,21-03-2022,HIGH_SCHOOL_1TH_GRADE,2008049950
Mead,Mussett,mmussettgy@google.com,26-06-2023,HIGH_SCHOOL_1TH_GRADE,6586132032
Dante,Dy,ddygz@mtv.com,12-11-2023,HIGH_SCHOOL_1TH_GRADE,9442676736
Loretta,Fetter,lfetterh0@msu.edu,30-01-2023,HIGH_SCHOOL_1TH_GRADE,8052876928
Madalyn,Kindley,mkindleyh1@fda.gov,16-07-2022,HIGH_SCHOOL_1TH_GRADE,3455578663
Paddie,Dionisetti,pdionisettih2@unicef.org,22-06-2022,HIGH_SCHOOL_1TH_GRADE,3492896286
Pepillo,Franzini,pfranzinih3@gnu.org,30-08-2021,HIGH_SCHOOL_1TH_GRADE,6974062433
Granny,Balderson,gbaldersonh4@exblog.jp,01-03-2022,HIGH_SCHOOL_1TH_GRADE,2236234867
Justinian,Gebb,jgebbh5@theguardian.com,14-06-2023,HIGH_SCHOOL_1TH_GRADE,4311393417
Peggy,Studd,pstuddh6@dailymail.co.uk,05-11-2022,HIGH_SCHOOL_1TH_GRADE,2018885084
Pascal,Sympson,psympsonh7@prlog.org,13-10-2022,HIGH_SCHOOL_1TH_GRADE,2934977569
Lura,Malia,lmaliah8@amazon.de,08-01-2023,HIGH_SCHOOL_1TH_GRADE,3505007387
Carolan,Lloyd-Williams,clloydwilliamsh9@telegraph.co.uk,04-01-2022,HIGH_SCHOOL_1TH_GRADE,5095611162
Tan,Burgise,tburgiseha@deviantart.com,27-01-2022,HIGH_SCHOOL_1TH_GRADE,1423076149
Emile,Whittuck,ewhittuckhb@indiatimes.com,15-12-2021,HIGH_SCHOOL_1TH_GRADE,3837391620
Tersina,Kellitt,tkellitthc@phoca.cz,13-08-2022,HIGH_SCHOOL_1TH_GRADE,5048046020
Aylmar,Beric,aberichd@weather.com,20-12-2021,HIGH_SCHOOL_1TH_GRADE,9978267185
Tallulah,Penn,tpennhe@mapquest.com,08-10-2021,HIGH_SCHOOL_1TH_GRADE,2542506710
Benny,Hanna,bhannahf@apple.com,04-07-2023,HIGH_SCHOOL_1TH_GRADE,6868895566
Ardelis,Bento,abentohg@artisteer.com,08-05-2022,HIGH_SCHOOL_1TH_GRADE,3966575630
Bondy,Laetham,blaethamhh@rakuten.co.jp,16-06-2022,HIGH_SCHOOL_1TH_GRADE,4301144862
Kris,Orhrt,korhrthi@mit.edu,16-07-2023,HIGH_SCHOOL_1TH_GRADE,9338887531
Hermie,Dobinson,hdobinsonhj@yellowbook.com,20-03-2022,HIGH_SCHOOL_1TH_GRADE,8334435362
Paquito,Bohan,pbohanhk@de.vu,16-06-2022,HIGH_SCHOOL_1TH_GRADE,8908757307
Gibby,Filasov,gfilasovhl@ycombinator.com,29-07-2022,HIGH_SCHOOL_1TH_GRADE,4409316431
Branden,Gunthorpe,bgunthorpehm@whitehouse.gov,05-04-2022,HIGH_SCHOOL_1TH_GRADE,1046343620
Emerson,Alden,ealdenhn@telegraph.co.uk,16-12-2022,HIGH_SCHOOL_1TH_GRADE,7231693421
Ricki,Netley,rnetleyho@cornell.edu,04-06-2022,HIGH_SCHOOL_1TH_GRADE,1729086270
Catharine,Hillam,chillamhp@biblegateway.com,11-05-2022,HIGH_SCHOOL_1TH_GRADE,6295763898
Garth,Croisdall,gcroisdallhq@edublogs.org,18-01-2022,HIGH_SCHOOL_1TH_GRADE,8021498940
Kelley,Sterry,ksterryhr@privacy.gov.au,23-11-2021,HIGH_SCHOOL_1TH_GRADE,8592305606
Krystle,Bedow,kbedowhs@cornell.edu,02-01-2023,HIGH_SCHOOL_1TH_GRADE,2655705448
Elysia,Tarver,etarverht@bbb.org,24-01-2023,HIGH_SCHOOL_1TH_GRADE,2689142410
Lynsey,Fildes,lfildeshu@prlog.org,07-08-2021,HIGH_SCHOOL_1TH_GRADE,5606027063
Salomone,Tenby,stenbyhv@si.edu,06-08-2021,HIGH_SCHOOL_1TH_GRADE,9382539498
Giffer,Moulin,gmoulinhw@npr.org,30-07-2022,HIGH_SCHOOL_1TH_GRADE,4567241604
Demetris,Cleeves,dcleeveshx@tumblr.com,03-03-2022,HIGH_SCHOOL_1TH_GRADE,7883157635
Dory,Pigott,dpigotthy@oracle.com,05-05-2023,HIGH_SCHOOL_1TH_GRADE,7496154346
Rachelle,Suff,rsuffhz@hatena.ne.jp,16-09-2021,HIGH_SCHOOL_1TH_GRADE,1924933188
Farah,Doret,fdoreti0@answers.com,04-02-2022,HIGH_SCHOOL_1TH_GRADE,8873265922
Addie,Ricards,aricardsi1@unc.edu,03-11-2023,HIGH_SCHOOL_1TH_GRADE,7904799140
Hercule,Yarr,hyarri2@youtube.com,16-06-2022,HIGH_SCHOOL_1TH_GRADE,1664130049
Noam,Gaughan,ngaughani3@sourceforge.net,17-07-2023,HIGH_SCHOOL_1TH_GRADE,8496248072
Oralia,Hurt,ohurti4@ehow.com,19-06-2022,HIGH_SCHOOL_1TH_GRADE,4242087229
Jerald,Edinburgh,jedinburghi5@comcast.net,29-12-2022,HIGH_SCHOOL_1TH_GRADE,7042421573
Brigid,Lebang,blebangi6@nymag.com,02-01-2022,HIGH_SCHOOL_1TH_GRADE,9196413448
Hunter,Kimmins,hkimminsi7@last.fm,28-11-2021,HIGH_SCHOOL_1TH_GRADE,1687677088
Jacquenetta,Jiroutek,jjirouteki8@ucla.edu,25-04-2022,HIGH_SCHOOL_1TH_GRADE,2329471860
Terza,McAteer,tmcateeri9@issuu.com,14-11-2022,HIGH_SCHOOL_1TH_GRADE,3508769311
Axe,Pringuer,apringueria@netvibes.com,16-10-2021,HIGH_SCHOOL_1TH_GRADE,2329349384
Mona,Chasmor,mchasmorib@purevolume.com,21-09-2022,HIGH_SCHOOL_1TH_GRADE,8094412848
Maurits,Cratchley,mcratchleyic@diigo.com,10-09-2023,HIGH_SCHOOL_1TH_GRADE,2894837335
Margy,Regenhardt,mregenhardtid@examiner.com,21-10-2022,HIGH_SCHOOL_1TH_GRADE,4148353932
Oralie,Camamile,ocamamileie@aol.com,05-03-2023,HIGH_SCHOOL_1TH_GRADE,1906931991
Sunny,Reye,sreyeif@cam.ac.uk,08-08-2021,HIGH_SCHOOL_1TH_GRADE,3208714934
Salomi,Goldup,sgoldupig@businesswire.com,19-03-2023,HIGH_SCHOOL_1TH_GRADE,2415655001
Theda,Deppen,tdeppenih@freewebs.com,26-09-2021,HIGH_SCHOOL_1TH_GRADE,7639262958
Moselle,Cicci,mcicciii@bluehost.com,04-08-2023,HIGH_SCHOOL_1TH_GRADE,7527164383
Gordan,Bodleigh,gbodleighij@scribd.com,07-08-2023,HIGH_SCHOOL_1TH_GRADE,1878955300
Georg,Rennocks,grennocksik@indiegogo.com,11-05-2022,HIGH_SCHOOL_1TH_GRADE,8151537434
Wilmette,Clutton,wcluttonil@sogou.com,08-09-2021,HIGH_SCHOOL_1TH_GRADE,6272011800
Mord,Obal,mobalim@oaic.gov.au,01-02-2023,HIGH_SCHOOL_1TH_GRADE,5467345063
Reggie,Rhyme,rrhymein@comsenz.com,12-03-2022,HIGH_SCHOOL_1TH_GRADE,3659258257
Grover,Grigor,ggrigorio@hhs.gov,23-02-2023,HIGH_SCHOOL_1TH_GRADE,6793855147
Salem,Lasselle,slasselleip@nsw.gov.au,21-11-2021,HIGH_SCHOOL_1TH_GRADE,7126034885
Monro,Pettis,mpettisiq@blogs.com,17-10-2021,HIGH_SCHOOL_1TH_GRADE,8998621569
Elvis,Collingridge,ecollingridgeir@seattletimes.com,14-07-2021,HIGH_SCHOOL_1TH_GRADE,7951171856
Alister,Lodeke,alodekeis@mail.ru,23-08-2021,HIGH_SCHOOL_1TH_GRADE,4367671012
Ingar,Moncreif,imoncreifit@php.net,20-10-2022,HIGH_SCHOOL_1TH_GRADE,5257321820
Gertruda,Henfre,ghenfreiu@irs.gov,01-05-2022,HIGH_SCHOOL_1TH_GRADE,7205622107
Maude,Ferries,mferriesiv@newyorker.com,28-07-2022,HIGH_SCHOOL_1TH_GRADE,9214017287
Novelia,Bellanger,nbellangeriw@answers.com,23-08-2022,HIGH_SCHOOL_1TH_GRADE,2497299906
Mead,Cissell,mcissellix@jiathis.com,26-04-2023,HIGH_SCHOOL_1TH_GRADE,3097157491
Gothart,Huntar,ghuntariy@mac.com,06-02-2023,HIGH_SCHOOL_1TH_GRADE,2212118255
Jacki,Mallinder,jmallinderiz@google.pl,14-05-2022,HIGH_SCHOOL_1TH_GRADE,5457468334
Damien,Chastagnier,dchastagnierj0@amazon.com,16-10-2022,HIGH_SCHOOL_1TH_GRADE,4663748305
Romain,Wedlock,rwedlockj1@cnet.com,16-06-2023,HIGH_SCHOOL_1TH_GRADE,2937484496
Clem,Devall,cdevallj2@deliciousdays.com,31-01-2022,HIGH_SCHOOL_1TH_GRADE,5546875724
Sindee,Matherson,smathersonj3@goo.gl,28-09-2021,HIGH_SCHOOL_1TH_GRADE,4408334048
Helyn,Ferruzzi,hferruzzij4@hhs.gov,09-07-2022,HIGH_SCHOOL_1TH_GRADE,1876164976
Atlante,Senogles,asenoglesj5@salon.com,06-10-2021,HIGH_SCHOOL_1TH_GRADE,1067656699
Kristi,Linzee,klinzeej6@newsvine.com,23-12-2022,HIGH_SCHOOL_1TH_GRADE,8311162689
Sidnee,Havesides,shavesidesj7@uol.com.br,17-04-2023,HIGH_SCHOOL_1TH_GRADE,1832615713
Fran,Tomaselli,ftomasellij8@imageshack.us,18-10-2021,HIGH_SCHOOL_1TH_GRADE,7311641875
Geordie,Crowther,gcrowtherj9@cbslocal.com,02-12-2022,HIGH_SCHOOL_1TH_GRADE,6548537690
Diane,Debold,ddeboldja@tmall.com,30-08-2022,HIGH_SCHOOL_1TH_GRADE,5834729922
Vassily,Caney,vcaneyjb@sitemeter.com,18-03-2023,HIGH_SCHOOL_1TH_GRADE,9823171239
Tirrell,Huortic,thuorticjc@gnu.org,30-03-2023,HIGH_SCHOOL_1TH_GRADE,6181882765
Joan,Baccup,jbaccupjd@cloudflare.com,02-10-2021,HIGH_SCHOOL_1TH_GRADE,1594404459
Nick,Coxall,ncoxallje@infoseek.co.jp,16-01-2022,HIGH_SCHOOL_1TH_GRADE,5759608773
Sally,Adderley,sadderleyjf@biblegateway.com,10-08-2023,HIGH_SCHOOL_1TH_GRADE,1844350815
Olivette,Bonifacio,obonifaciojg@aol.com,19-02-2023,HIGH_SCHOOL_1TH_GRADE,5961918565
Delia,Verne,dvernejh@themeforest.net,23-12-2022,HIGH_SCHOOL_1TH_GRADE,9501170637
Joelie,De Blasi,jdeblasiji@hatena.ne.jp,25-07-2022,HIGH_SCHOOL_1TH_GRADE,5087837690
Bourke,Barthropp,bbarthroppjj@dion.ne.jp,24-01-2023,HIGH_SCHOOL_1TH_GRADE,3175306607
Allianora,Vedeniktov,avedeniktovjk@barnesandnoble.com,17-03-2023,HIGH_SCHOOL_1TH_GRADE,6903170920
Blanch,Krol,bkroljl@hc360.com,02-11-2021,HIGH_SCHOOL_1TH_GRADE,4917303379
Hartwell,Pratten,hprattenjm@sbwire.com,29-06-2022,HIGH_SCHOOL_1TH_GRADE,7543041490
Skyler,Sloy,ssloyjn@shutterfly.com,10-02-2023,HIGH_SCHOOL_1TH_GRADE,2102503994
Stacia,Griffith,sgriffithjo@who.int,15-10-2021,HIGH_SCHOOL_1TH_GRADE,2066653173
Thorny,Stapleford,tstaplefordjp@cam.ac.uk,17-04-2023,HIGH_SCHOOL_1TH_GRADE,9952829333
Tony,Barbour,tbarbourjq@engadget.com,04-06-2023,HIGH_SCHOOL_1TH_GRADE,7259816116
Amandie,Broke,abrokejr@gnu.org,08-11-2021,HIGH_SCHOOL_1TH_GRADE,2291932792
Dalston,Medendorp,dmedendorpjs@storify.com,03-03-2022,HIGH_SCHOOL_1TH_GRADE,5986576868
Jermayne,Tournie,jtourniejt@latimes.com,14-07-2022,HIGH_SCHOOL_1TH_GRADE,3739064579
Jamison,St. Quintin,jstquintinju@loc.gov,08-03-2022,HIGH_SCHOOL_1TH_GRADE,3702577667
Holmes,Holberry,hholberryjv@newsvine.com,24-01-2023,HIGH_SCHOOL_1TH_GRADE,9738166729
Daryn,Begin,dbeginjw@surveymonkey.com,01-04-2023,HIGH_SCHOOL_1TH_GRADE,8143349367
Jacquelyn,Geldeford,jgeldefordjx@miitbeian.gov.cn,04-01-2023,HIGH_SCHOOL_1TH_GRADE,7995165701
Keelia,Thornthwaite,kthornthwaitejy@tmall.com,31-03-2022,HIGH_SCHOOL_1TH_GRADE,5584954721
Alfonso,Greenhough,agreenhoughjz@storify.com,06-09-2021,HIGH_SCHOOL_1TH_GRADE,2111290587
Titus,Van der Hoven,tvanderhovenk0@gov.uk,10-03-2022,HIGH_SCHOOL_1TH_GRADE,9696066561
Granthem,Bacon,gbaconk1@nba.com,12-12-2021,HIGH_SCHOOL_1TH_GRADE,3765043755
Kyle,Dargue,kdarguek2@csmonitor.com,03-10-2023,HIGH_SCHOOL_1TH_GRADE,3981902741
Martie,Balmforth,mbalmforthk3@wikispaces.com,21-11-2023,HIGH_SCHOOL_1TH_GRADE,7232753742
Pris,Burstowe,pburstowek4@hao123.com,07-01-2023,HIGH_SCHOOL_1TH_GRADE,8151672873
Pippo,MacAllaster,pmacallasterk5@gnu.org,20-08-2021,HIGH_SCHOOL_1TH_GRADE,9954414077
Roseanna,Harrison,rharrisonk6@pen.io,13-11-2023,HIGH_SCHOOL_1TH_GRADE,6737232825
Georgeta,Kenaway,gkenawayk7@wikimedia.org,18-09-2023,HIGH_SCHOOL_1TH_GRADE,2616017576
Jock,Kasman,jkasmank8@tumblr.com,29-12-2022,HIGH_SCHOOL_1TH_GRADE,5337915413
Benny,Duligall,bduligallk9@ustream.tv,30-07-2021,HIGH_SCHOOL_1TH_GRADE,7871445653
Silvio,MacGiffin,smacgiffinka@gmpg.org,24-04-2023,HIGH_SCHOOL_1TH_GRADE,3421236937
Bart,Aguirre,baguirrekb@gov.uk,07-11-2021,HIGH_SCHOOL_1TH_GRADE,3172832930
Melonie,Daglish,mdaglishkc@ning.com,07-06-2022,HIGH_SCHOOL_1TH_GRADE,6852906335
Urbanus,Beathem,ubeathemkd@cisco.com,13-03-2023,HIGH_SCHOOL_1TH_GRADE,5476073971
Cordey,Caistor,ccaistorke@deviantart.com,13-11-2022,HIGH_SCHOOL_1TH_GRADE,9752477253
Reina,Greenly,rgreenlykf@cnet.com,20-11-2023,HIGH_SCHOOL_1TH_GRADE,4096659542
Mozelle,Hinkens,mhinkenskg@arizona.edu,22-07-2022,HIGH_SCHOOL_1TH_GRADE,5554746127
Dominique,Kitson,dkitsonkh@lycos.com,11-11-2022,HIGH_SCHOOL_1TH_GRADE,9397684776
Greer,Sturgis,gsturgiski@indiatimes.com,11-12-2021,HIGH_SCHOOL_1TH_GRADE,7015192722
Mayer,Ciccarello,mciccarellokj@spiegel.de,02-09-2023,HIGH_SCHOOL_1TH_GRADE,5487953396
Camilla,Manna,cmannakk@artisteer.com,22-04-2022,HIGH_SCHOOL_1TH_GRADE,6949764390
Jessie,Pestell,jpestellkl@reddit.com,15-12-2021,HIGH_SCHOOL_1TH_GRADE,7669969713
Melony,Yakebovich,myakebovichkm@dyndns.org,04-10-2021,HIGH_SCHOOL_1TH_GRADE,1244097760
Colleen,Kellen,ckellenkn@nationalgeographic.com,05-04-2022,HIGH_SCHOOL_1TH_GRADE,5164479484
Rosemaria,Dunston,rdunstonko@wikia.com,12-01-2022,HIGH_SCHOOL_1TH_GRADE,2981003305
Conney,Ralton,craltonkp@facebook.com,02-04-2023,HIGH_SCHOOL_1TH_GRADE,5088797169
Twila,Pudden,tpuddenkq@woothemes.com,24-08-2022,HIGH_SCHOOL_1TH_GRADE,6433108736
Nikita,McNeil,nmcneilkr@hexun.com,18-08-2021,HIGH_SCHOOL_1TH_GRADE,6852723439
Darda,Grouvel,dgrouvelks@bing.com,20-07-2023,HIGH_SCHOOL_1TH_GRADE,9137714833
Janela,Sayton,jsaytonkt@stumbleupon.com,09-11-2021,HIGH_SCHOOL_1TH_GRADE,5643548650
Dione,Geldart,dgeldartku@freewebs.com,08-08-2021,HIGH_SCHOOL_1TH_GRADE,7327209376
Kermit,Revens,krevenskv@i2i.jp,23-07-2023,HIGH_SCHOOL_1TH_GRADE,2893778019
Norene,Venneur,nvenneurkw@statcounter.com,16-07-2023,HIGH_SCHOOL_1TH_GRADE,9599803640
Dorelle,Saddleton,dsaddletonkx@ning.com,02-09-2023,HIGH_SCHOOL_1TH_GRADE,2638393477
Anetta,Coales,acoalesky@kickstarter.com,03-12-2021,HIGH_SCHOOL_1TH_GRADE,6257040718
Lazarus,Carlsen,lcarlsenkz@amazon.co.jp,08-11-2023,HIGH_SCHOOL_1TH_GRADE,4466519255
Mallory,Shields,mshieldsl0@china.com.cn,30-11-2022,HIGH_SCHOOL_1TH_GRADE,5869413387
Mamie,Dymott,mdymottl1@npr.org,07-04-2023,HIGH_SCHOOL_1TH_GRADE,7057294161
Edmund,Grace,egracel2@archive.org,02-03-2022,HIGH_SCHOOL_1TH_GRADE,2417840548
Clayborn,Rabbe,crabbel3@nhs.uk,08-08-2021,HIGH_SCHOOL_1TH_GRADE,3548793423
Melina,Alders,maldersl4@pbs.org,16-12-2022,HIGH_SCHOOL_1TH_GRADE,2508782488
Jacky,Irons,jironsl5@nature.com,19-07-2022,HIGH_SCHOOL_1TH_GRADE,4435647332
Sigfrid,Pawlyn,spawlynl6@weather.com,07-07-2023,HIGH_SCHOOL_1TH_GRADE,5917379183
Elliot,Welband,ewelbandl7@cafepress.com,03-01-2022,HIGH_SCHOOL_1TH_GRADE,6809455453
Vitia,Tellenbroker,vtellenbrokerl8@biglobe.ne.jp,12-11-2021,HIGH_SCHOOL_1TH_GRADE,5387644363
Simonette,Rolstone,srolstonel9@blogs.com,02-09-2023,HIGH_SCHOOL_1TH_GRADE,7173381353
Roby,Burnitt,rburnittla@cdc.gov,28-07-2023,HIGH_SCHOOL_1TH_GRADE,2192717225
Mason,Hesbrook,mhesbrooklb@amazon.com,26-07-2023,HIGH_SCHOOL_1TH_GRADE,8239767552
Rock,Tuddall,rtuddalllc@canalblog.com,29-10-2022,HIGH_SCHOOL_1TH_GRADE,7347982034
Garvin,Kleinber,gkleinberld@prnewswire.com,14-11-2022,HIGH_SCHOOL_1TH_GRADE,9333152100
Farrel,Bunkle,fbunklele@spiegel.de,03-05-2022,HIGH_SCHOOL_1TH_GRADE,4124946055
Ramsey,Scholl,rscholllf@altervista.org,09-01-2023,HIGH_SCHOOL_1TH_GRADE,4613532202
Thornton,Rigby,trigbylg@ezinearticles.com,30-06-2023,HIGH_SCHOOL_1TH_GRADE,2855007409
Kimbra,McGeneay,kmcgeneaylh@buzzfeed.com,20-03-2022,HIGH_SCHOOL_1TH_GRADE,8011834557
Elyssa,Klauber,eklauberli@gov.uk,04-11-2021,HIGH_SCHOOL_1TH_GRADE,1776870036
Gerda,Devanney,gdevanneylj@usa.gov,23-10-2021,HIGH_SCHOOL_1TH_GRADE,6339269180
Foss,Cromett,fcromettlk@yahoo.co.jp,05-10-2023,HIGH_SCHOOL_1TH_GRADE,5043455785
Harley,Rapley,hrapleyll@upenn.edu,04-09-2022,HIGH_SCHOOL_1TH_GRADE,9518722068
Sean,Von Der Empten,svonderemptenlm@time.com,29-12-2022,HIGH_SCHOOL_1TH_GRADE,1174351973
Penelope,Denington,pdeningtonln@printfriendly.com,27-10-2022,HIGH_SCHOOL_1TH_GRADE,8735261178
Constancy,Barhams,cbarhamslo@yandex.ru,14-02-2022,HIGH_SCHOOL_1TH_GRADE,8594827838
Pieter,Farmery,pfarmerylp@vimeo.com,29-08-2022,HIGH_SCHOOL_1TH_GRADE,9858048264
Pavia,Peert,ppeertlq@nps.gov,03-08-2022,HIGH_SCHOOL_1TH_GRADE,7783716857
Humphrey,Skett,hskettlr@google.co.jp,18-11-2022,HIGH_SCHOOL_1TH_GRADE,7376652135
Irvine,Prevett,iprevettls@shop-pro.jp,18-02-2022,HIGH_SCHOOL_1TH_GRADE,2649635241
Bebe,Larkings,blarkingslt@infoseek.co.jp,18-12-2022,HIGH_SCHOOL_1TH_GRADE,5792609978
Sloan,Gleave,sgleavelu@hostgator.com,28-08-2021,HIGH_SCHOOL_1TH_GRADE,6496755624
Robbi,Jesteco,rjestecolv@google.ru,12-11-2022,HIGH_SCHOOL_1TH_GRADE,6048163669
Frederica,Cholomin,fcholominlw@walmart.com,07-11-2022,HIGH_SCHOOL_1TH_GRADE,3545476623
Laure,Crucetti,lcrucettilx@51.la,20-02-2023,HIGH_SCHOOL_1TH_GRADE,9976656336
Bryna,Polsin,bpolsinly@about.com,10-05-2023,HIGH_SCHOOL_1TH_GRADE,9292693746
Udell,Jerche,ujerchelz@naver.com,23-05-2022,HIGH_SCHOOL_1TH_GRADE,8554179415
Kippie,d' Elboux,kdelbouxm0@acquirethisname.com,24-04-2022,HIGH_SCHOOL_1TH_GRADE,4639472921
Bendick,Tole,btolem1@friendfeed.com,08-12-2021,HIGH_SCHOOL_1TH_GRADE,7912808699
Katharina,Giamuzzo,kgiamuzzom2@sogou.com,18-07-2021,HIGH_SCHOOL_1TH_GRADE,3121628001
Deane,Skellen,dskellenm3@flavors.me,23-07-2023,HIGH_SCHOOL_1TH_GRADE,7039408161
Pebrook,Wilcocks,pwilcocksm4@deliciousdays.com,18-11-2021,HIGH_SCHOOL_1TH_GRADE,7318580407
Jayme,Grigg,jgriggm5@washingtonpost.com,15-06-2023,HIGH_SCHOOL_1TH_GRADE,3392594909
Colleen,McKaile,cmckailem6@addthis.com,29-05-2023,HIGH_SCHOOL_1TH_GRADE,2102610017
Wes,Syne,wsynem7@istockphoto.com,28-10-2021,HIGH_SCHOOL_1TH_GRADE,5715109348
Saudra,Stonehouse,sstonehousem8@irs.gov,21-04-2023,HIGH_SCHOOL_1TH_GRADE,7471822672
Thatcher,Beadnell,tbeadnellm9@omniture.com,04-05-2022,HIGH_SCHOOL_1TH_GRADE,4125068950
Nanete,Sharpin,nsharpinma@nbcnews.com,19-08-2022,HIGH_SCHOOL_1TH_GRADE,7787086031
Tyler,Copper,tcoppermb@hao123.com,15-10-2021,HIGH_SCHOOL_1TH_GRADE,7509385658
Dallon,Firmage,dfirmagemc@wired.com,07-11-2021,HIGH_SCHOOL_1TH_GRADE,1652427467
Marti,Wornham,mwornhammd@tamu.edu,08-01-2023,HIGH_SCHOOL_1TH_GRADE,3657401613
Zollie,Daveley,zdaveleyme@youtu.be,22-01-2023,HIGH_SCHOOL_1TH_GRADE,2592887715
Patten,Chart,pchartmf@csmonitor.com,22-08-2021,HIGH_SCHOOL_1TH_GRADE,7505832650
Verine,Cundey,vcundeymg@phoca.cz,16-08-2023,HIGH_SCHOOL_1TH_GRADE,7957653967
Bathsheba,Render,brendermh@miibeian.gov.cn,04-09-2022,HIGH_SCHOOL_1TH_GRADE,6791340482
Sileas,Vasilkov,svasilkovmi@studiopress.com,28-06-2023,HIGH_SCHOOL_1TH_GRADE,4064783950
Adelbert,Meltetal,ameltetalmj@statcounter.com,26-12-2021,HIGH_SCHOOL_1TH_GRADE,5303043407
Arlen,Rosenblum,arosenblummk@hubpages.com,31-08-2023,HIGH_SCHOOL_1TH_GRADE,2162113760
Casi,Kennan,ckennanml@creativecommons.org,03-09-2021,HIGH_SCHOOL_1TH_GRADE,7652756149
Coralie,Borkin,cborkinmm@mail.ru,16-11-2023,HIGH_SCHOOL_1TH_GRADE,7476950870
Dael,Mays,dmaysmn@lulu.com,17-11-2022,HIGH_SCHOOL_1TH_GRADE,4511168799
Waldo,Preedy,wpreedymo@mashable.com,13-12-2022,HIGH_SCHOOL_1TH_GRADE,4963774298
Ralf,Grigor,rgrigormp@usa.gov,08-08-2022,HIGH_SCHOOL_1TH_GRADE,3639682485
Jean,Valeri,jvalerimq@msn.com,08-04-2023,HIGH_SCHOOL_1TH_GRADE,1149789773
Darline,Saltwell,dsaltwellmr@epa.gov,03-05-2022,HIGH_SCHOOL_1TH_GRADE,7142324544
Valene,Pringley,vpringleyms@shinystat.com,15-03-2023,HIGH_SCHOOL_1TH_GRADE,7177712073
Row,McClarence,rmcclarencemt@uol.com.br,11-10-2022,HIGH_SCHOOL_1TH_GRADE,8156017116
Misha,Ornelas,mornelasmu@digg.com,22-09-2021,HIGH_SCHOOL_1TH_GRADE,5972796184
Shaylyn,Flint,sflintmv@pagesperso-orange.fr,03-09-2021,HIGH_SCHOOL_1TH_GRADE,9179879549
Frazier,Rake,frakemw@yale.edu,27-04-2023,HIGH_SCHOOL_1TH_GRADE,2476024799
Sheeree,Aim,saimmx@yellowbook.com,29-06-2023,HIGH_SCHOOL_1TH_GRADE,3019232585
Dorrie,Cormack,dcormackmy@mapy.cz,25-12-2021,HIGH_SCHOOL_1TH_GRADE,6586011905
Pail,Tonsley,ptonsleymz@wikia.com,20-07-2023,HIGH_SCHOOL_1TH_GRADE,9248593497
Shurlocke,Gillyett,sgillyettn0@gmpg.org,15-09-2021,HIGH_SCHOOL_1TH_GRADE,5612445950
Kiley,Meeson,kmeesonn1@sfgate.com,07-05-2022,HIGH_SCHOOL_1TH_GRADE,5389549049
Enid,Gask,egaskn2@g.co,07-10-2023,HIGH_SCHOOL_1TH_GRADE,3965628752
Alasdair,McGeagh,amcgeaghn3@deviantart.com,12-08-2022,HIGH_SCHOOL_1TH_GRADE,7786792881
Meridith,Laetham,mlaethamn4@cornell.edu,08-11-2021,HIGH_SCHOOL_1TH_GRADE,7004016687
Kimberlyn,Danniell,kdannielln5@bbb.org,11-10-2021,HIGH_SCHOOL_1TH_GRADE,3198007892
Glen,Havers,ghaversn6@vistaprint.com,21-08-2021,HIGH_SCHOOL_1TH_GRADE,7961119354
Karrah,Britzius,kbritziusn7@globo.com,04-12-2021,HIGH_SCHOOL_1TH_GRADE,4813177285
Alta,Garrow,agarrown8@yelp.com,02-09-2021,HIGH_SCHOOL_1TH_GRADE,1158909661
Avigdor,Rollason,arollasonn9@issuu.com,08-01-2023,HIGH_SCHOOL_1TH_GRADE,7235251780
Jenda,Gosenell,jgosenellna@behance.net,07-09-2021,HIGH_SCHOOL_1TH_GRADE,8534324756
Alyss,Stacy,astacynb@google.fr,20-08-2022,HIGH_SCHOOL_1TH_GRADE,1536536895
Randall,Hannent,rhannentnc@pagesperso-orange.fr,15-07-2022,HIGH_SCHOOL_1TH_GRADE,9867140570
Morry,Idel,midelnd@wunderground.com,07-09-2023,HIGH_SCHOOL_1TH_GRADE,5567675932
Donnajean,Ledgister,dledgisterne@epa.gov,04-02-2023,HIGH_SCHOOL_1TH_GRADE,7842725933
Christy,Zotto,czottonf@redcross.org,02-06-2022,HIGH_SCHOOL_1TH_GRADE,8835122202
Vicki,Preshous,vpreshousng@columbia.edu,16-10-2023,HIGH_SCHOOL_1TH_GRADE,2271264310
Sasha,Spat,sspatnh@technorati.com,14-05-2022,HIGH_SCHOOL_1TH_GRADE,5113139451
Brittni,Birtle,bbirtleni@exblog.jp,30-09-2021,HIGH_SCHOOL_1TH_GRADE,4268651242
Egbert,McLean,emcleannj@yellowbook.com,12-03-2022,HIGH_SCHOOL_1TH_GRADE,6486525459
Will,Bruna,wbrunank@mashable.com,25-12-2022,HIGH_SCHOOL_1TH_GRADE,8462437222
Henderson,Graffham,hgraffhamnl@ihg.com,13-11-2022,HIGH_SCHOOL_1TH_GRADE,1221782097
Redd,Clac,rclacnm@alexa.com,15-07-2022,HIGH_SCHOOL_1TH_GRADE,1746363328
Heddie,Egell,hegellnn@senate.gov,31-12-2022,HIGH_SCHOOL_1TH_GRADE,9757526781
Romona,Clarkin,rclarkinno@reuters.com,11-04-2022,HIGH_SCHOOL_1TH_GRADE,8982357490
Anet,Pendrick,apendricknp@etsy.com,13-03-2023,HIGH_SCHOOL_1TH_GRADE,6594039011
Lanni,Dovinson,ldovinsonnq@tiny.cc,12-11-2022,HIGH_SCHOOL_1TH_GRADE,1398409326
Yorgos,Commucci,ycommuccinr@de.vu,04-01-2022,HIGH_SCHOOL_1TH_GRADE,2188318497
Iolande,Gullberg,igullbergns@yahoo.com,18-11-2023,HIGH_SCHOOL_1TH_GRADE,2533853724
Bernadine,Maber,bmabernt@discuz.net,03-10-2021,HIGH_SCHOOL_1TH_GRADE,5668179589
Dalis,Gethouse,dgethousenu@ibm.com,22-02-2023,HIGH_SCHOOL_1TH_GRADE,1574629150
Tom,Challenor,tchallenornv@pinterest.com,06-03-2022,HIGH_SCHOOL_1TH_GRADE,1492796619
Wain,Averill,waverillnw@cafepress.com,14-08-2022,HIGH_SCHOOL_1TH_GRADE,5565138511
Bird,Crichton,bcrichtonnx@unblog.fr,22-08-2021,HIGH_SCHOOL_1TH_GRADE,8147879685
Libbie,Reddoch,lreddochny@yolasite.com,30-05-2023,HIGH_SCHOOL_1TH_GRADE,2731934200
Rici,Knotte,rknottenz@umich.edu,08-09-2023,HIGH_SCHOOL_1TH_GRADE,5231731204
Dianemarie,Herculeson,dherculesono0@etsy.com,22-03-2023,HIGH_SCHOOL_1TH_GRADE,4731417706
Dacia,Walbrun,dwalbruno1@google.com.hk,19-07-2022,HIGH_SCHOOL_1TH_GRADE,9256394934
Arluene,Bertome,abertomeo2@wiley.com,09-02-2022,HIGH_SCHOOL_1TH_GRADE,2958591968
Anette,Dorrell,adorrello3@fotki.com,10-02-2022,HIGH_SCHOOL_1TH_GRADE,8615158823
Stillmann,Swatton,sswattono4@storify.com,06-08-2022,HIGH_SCHOOL_1TH_GRADE,7107957499
Eddie,Goggey,egoggeyo5@trellian.com,04-12-2022,HIGH_SCHOOL_1TH_GRADE,2626806952
Amory,Brotherick,abrothericko6@wufoo.com,02-06-2022,HIGH_SCHOOL_1TH_GRADE,5827446996
Ynez,Leving,ylevingo7@yellowbook.com,12-03-2023,HIGH_SCHOOL_1TH_GRADE,2909093627
Inness,Rottgers,irottgerso8@ebay.com,08-10-2022,HIGH_SCHOOL_1TH_GRADE,5836072737
Merle,Headly,mheadlyo9@microsoft.com,08-06-2023,HIGH_SCHOOL_1TH_GRADE,3896429834
Sharona,Byatt,sbyattoa@360.cn,09-11-2022,HIGH_SCHOOL_1TH_GRADE,5302940069
Dawn,Bilham,dbilhamob@blog.com,14-04-2023,HIGH_SCHOOL_1TH_GRADE,5036946724
Lou,Denley,ldenleyoc@wix.com,07-07-2023,HIGH_SCHOOL_1TH_GRADE,8195410079
Theda,Leisk,tleiskod@whitehouse.gov,24-07-2022,HIGH_SCHOOL_1TH_GRADE,2131539392
Derek,Bartoszinski,dbartoszinskioe@godaddy.com,24-03-2022,HIGH_SCHOOL_1TH_GRADE,1618396236
Anet,Gasticke,agastickeof@cbc.ca,02-03-2023,HIGH_SCHOOL_1TH_GRADE,8793121584
Kenny,Harrowell,kharrowellog@squarespace.com,08-08-2022,HIGH_SCHOOL_1TH_GRADE,7799602314
Amos,Lardeux,alardeuxoh@nhs.uk,10-05-2022,HIGH_SCHOOL_1TH_GRADE,4891997536
Karin,Twentyman,ktwentymanoi@about.com,26-11-2022,HIGH_SCHOOL_1TH_GRADE,5766459960
Rowena,Palomba,rpalombaoj@usnews.com,11-10-2021,HIGH_SCHOOL_1TH_GRADE,3146894142
Alyosha,Geggie,ageggieok@cmu.edu,27-09-2022,HIGH_SCHOOL_1TH_GRADE,6114584882
Bryan,Branson,bbransonol@google.com.au,11-11-2023,HIGH_SCHOOL_1TH_GRADE,6825121243
Peadar,De Paepe,pdepaepeom@msu.edu,17-06-2023,HIGH_SCHOOL_1TH_GRADE,2368821960
Teodoro,Whebell,twhebellon@skype.com,03-05-2022,HIGH_SCHOOL_1TH_GRADE,6263936426
Shem,Perot,sperotoo@forbes.com,13-07-2021,HIGH_SCHOOL_1TH_GRADE,6232024648
Daryl,Monte,dmonteop@skype.com,21-10-2022,HIGH_SCHOOL_1TH_GRADE,9672012138
Jaimie,Giovanetti,jgiovanettioq@opensource.org,01-04-2023,HIGH_SCHOOL_1TH_GRADE,9871603625
Ralf,Radbourn,rradbournor@about.com,02-12-2021,HIGH_SCHOOL_1TH_GRADE,3264182384
Bride,Pyne,bpyneos@issuu.com,31-07-2021,HIGH_SCHOOL_1TH_GRADE,7099968173
Griselda,Stubbert,gstubbertot@trellian.com,05-08-2022,HIGH_SCHOOL_1TH_GRADE,1572249876
Dot,Barrasse,dbarrasseou@sciencedirect.com,04-07-2022,HIGH_SCHOOL_1TH_GRADE,5747453033
Amil,Beades,abeadesov@myspace.com,12-02-2023,HIGH_SCHOOL_1TH_GRADE,9934504201
Celka,Ivanchenkov,civanchenkovow@wix.com,24-06-2022,HIGH_SCHOOL_1TH_GRADE,1998016490
Eada,Arckoll,earckollox@umn.edu,11-06-2023,HIGH_SCHOOL_1TH_GRADE,5792394087
Fifine,Leete,fleeteoy@sfgate.com,21-04-2022,HIGH_SCHOOL_1TH_GRADE,6348062480
Gilberto,Borsay,gborsayoz@toplist.cz,26-01-2023,HIGH_SCHOOL_1TH_GRADE,1626966054
Ricard,Minett,rminettp0@nyu.edu,05-06-2023,HIGH_SCHOOL_1TH_GRADE,8943013027
Valma,Schulze,vschulzep1@independent.co.uk,08-05-2023,HIGH_SCHOOL_1TH_GRADE,1644513779
Dell,Elvish,delvishp2@xinhuanet.com,17-12-2021,HIGH_SCHOOL_1TH_GRADE,3987702005
Marje,Pillington,mpillingtonp3@cnn.com,19-05-2023,HIGH_SCHOOL_1TH_GRADE,1834133271
Jeremie,Carne,jcarnep4@about.com,05-05-2022,HIGH_SCHOOL_1TH_GRADE,3274174317
Shanan,Brownstein,sbrownsteinp5@gnu.org,31-12-2021,HIGH_SCHOOL_1TH_GRADE,1345066828
Rod,Shutte,rshuttep6@disqus.com,25-02-2023,HIGH_SCHOOL_1TH_GRADE,2398991602
Sibylle,Langfat,slangfatp7@washingtonpost.com,27-03-2023,HIGH_SCHOOL_1TH_GRADE,6185681459
Peder,Casino,pcasinop8@slashdot.org,03-11-2021,HIGH_SCHOOL_1TH_GRADE,5054540905
Sybila,Darcy,sdarcyp9@webs.com,08-02-2023,HIGH_SCHOOL_1TH_GRADE,5463747089
Jud,Dixcey,jdixceypa@wired.com,23-08-2022,HIGH_SCHOOL_1TH_GRADE,4543493844
Avrit,Monckman,amonckmanpb@businessinsider.com,12-08-2023,HIGH_SCHOOL_1TH_GRADE,9524979798
Field,Gulliford,fgullifordpc@moonfruit.com,22-08-2022,HIGH_SCHOOL_1TH_GRADE,1003836875
Hedvige,Hudghton,hhudghtonpd@army.mil,07-06-2022,HIGH_SCHOOL_1TH_GRADE,7134056337
Laureen,Birch,lbirchpe@senate.gov,22-05-2023,HIGH_SCHOOL_1TH_GRADE,2001905153
Chad,Troak,ctroakpf@foxnews.com,17-04-2022,HIGH_SCHOOL_1TH_GRADE,9881854620
Lisha,Vaughn,lvaughnpg@qq.com,23-03-2023,HIGH_SCHOOL_1TH_GRADE,6779694746
Flo,Merkel,fmerkelph@gizmodo.com,05-07-2023,HIGH_SCHOOL_1TH_GRADE,8575356463
Fayina,Witchard,fwitchardpi@mail.ru,11-04-2023,HIGH_SCHOOL_1TH_GRADE,4671323684
Gregorius,Chadburn,gchadburnpj@feedburner.com,02-07-2022,HIGH_SCHOOL_1TH_GRADE,2124270457
Grady,O'Farrell,gofarrellpk@flavors.me,02-08-2023,HIGH_SCHOOL_1TH_GRADE,7876168822
Cody,Frangleton,cfrangletonpl@imageshack.us,30-12-2021,HIGH_SCHOOL_1TH_GRADE,6369097245
Debora,Lattimer,dlattimerpm@ucoz.ru,12-01-2022,HIGH_SCHOOL_1TH_GRADE,9493389416
Charlton,D'orsay,cdorsaypn@blogtalkradio.com,24-02-2022,HIGH_SCHOOL_1TH_GRADE,5637733929
Herve,Blackader,hblackaderpo@sourceforge.net,20-10-2023,HIGH_SCHOOL_1TH_GRADE,4554014642
Aretha,Chalkly,achalklypp@wikia.com,19-06-2022,HIGH_SCHOOL_1TH_GRADE,5202996317
Sammy,Lambart,slambartpq@icio.us,19-03-2022,HIGH_SCHOOL_1TH_GRADE,1738977513
Martynne,Measey,mmeaseypr@sourceforge.net,15-07-2021,HIGH_SCHOOL_1TH_GRADE,4437629136
Victoria,Limmer,vlimmerps@woothemes.com,08-11-2021,HIGH_SCHOOL_1TH_GRADE,9705371306
Fidelity,Caldaro,fcaldaropt@aol.com,20-12-2022,HIGH_SCHOOL_1TH_GRADE,8812482445
Ladonna,Van Velden,lvanveldenpu@narod.ru,24-07-2022,HIGH_SCHOOL_1TH_GRADE,9825171345
Gerick,Hunter,ghunterpv@mapy.cz,26-01-2023,HIGH_SCHOOL_1TH_GRADE,5635240923
Aldin,Flement,aflementpw@marriott.com,24-12-2022,HIGH_SCHOOL_1TH_GRADE,1982583234
Mufinella,Skillitt,mskillittpx@dyndns.org,09-06-2022,HIGH_SCHOOL_1TH_GRADE,4662210906
Bride,Scrivenor,bscrivenorpy@istockphoto.com,29-07-2021,HIGH_SCHOOL_1TH_GRADE,3619476278
Shaine,Acomb,sacombpz@yellowbook.com,19-10-2023,HIGH_SCHOOL_1TH_GRADE,7854691395
Leland,Isaacson,lisaacsonq0@photobucket.com,21-09-2023,HIGH_SCHOOL_1TH_GRADE,9298047439
Gavra,Thurlborn,gthurlbornq1@washingtonpost.com,19-07-2022,HIGH_SCHOOL_1TH_GRADE,6122384329
Sibilla,Ewins,sewinsq2@weather.com,03-01-2023,HIGH_SCHOOL_1TH_GRADE,3006706994
Romy,Hallick,rhallickq3@house.gov,28-10-2022,HIGH_SCHOOL_1TH_GRADE,6667631642
Nicolina,Ravelus,nravelusq4@nps.gov,20-08-2022,HIGH_SCHOOL_1TH_GRADE,1959291131
Ced,Van de Castele,cvandecasteleq5@miitbeian.gov.cn,20-10-2023,HIGH_SCHOOL_1TH_GRADE,8628051541
Mortie,Troni,mtroniq6@accuweather.com,20-08-2022,HIGH_SCHOOL_1TH_GRADE,1916827578
Willy,Brentnall,wbrentnallq7@over-blog.com,21-07-2021,HIGH_SCHOOL_1TH_GRADE,2415292516
Clementina,Rotlauf,crotlaufq8@google.com.br,30-09-2022,HIGH_SCHOOL_1TH_GRADE,3842118228
Boniface,McIver,bmciverq9@hc360.com,19-04-2022,HIGH_SCHOOL_1TH_GRADE,7906218770
Adelle,Karlolak,akarlolakqa@jugem.jp,16-04-2023,HIGH_SCHOOL_1TH_GRADE,6297371793
Kennith,Pimm,kpimmqb@gov.uk,09-12-2021,HIGH_SCHOOL_1TH_GRADE,3703194055
Leonanie,Veart,lveartqc@multiply.com,25-04-2022,HIGH_SCHOOL_1TH_GRADE,6788848404
Maddy,Conyers,mconyersqd@goo.gl,29-11-2021,HIGH_SCHOOL_1TH_GRADE,8684154553
Dene,Warricker,dwarrickerqe@ihg.com,08-10-2022,HIGH_SCHOOL_1TH_GRADE,3263816127
Helena,Ferreiro,hferreiroqf@zimbio.com,16-07-2021,HIGH_SCHOOL_1TH_GRADE,3854571901
Shaun,Aicken,saickenqg@rambler.ru,20-07-2023,HIGH_SCHOOL_1TH_GRADE,3124034711
Concordia,Kaine,ckaineqh@barnesandnoble.com,06-04-2022,HIGH_SCHOOL_1TH_GRADE,8171433532
Archer,Luchetti,aluchettiqi@google.ru,24-06-2023,HIGH_SCHOOL_1TH_GRADE,2183620753
Stacy,Atthowe,satthoweqj@eepurl.com,02-08-2023,HIGH_SCHOOL_1TH_GRADE,9767014792
Agnese,Corcoran,acorcoranqk@army.mil,21-07-2023,HIGH_SCHOOL_1TH_GRADE,5049447155
Bessie,Pattrick,bpattrickql@bbc.co.uk,13-04-2023,HIGH_SCHOOL_1TH_GRADE,6483195128
Theadora,Sherreard,tsherreardqm@census.gov,05-10-2023,HIGH_SCHOOL_1TH_GRADE,5347151091
Karl,MacArte,kmacarteqn@about.com,06-01-2022,HIGH_SCHOOL_1TH_GRADE,7797746195
Brenna,Craigheid,bcraigheidqo@seattletimes.com,28-05-2023,HIGH_SCHOOL_1TH_GRADE,6808372422
Conny,Hansana,chansanaqp@hatena.ne.jp,10-12-2022,HIGH_SCHOOL_1TH_GRADE,2413117278
Tania,Beaudry,tbeaudryqq@uiuc.edu,24-11-2022,HIGH_SCHOOL_1TH_GRADE,4137161906
Bink,Wooffitt,bwooffittqr@youtube.com,05-02-2023,HIGH_SCHOOL_1TH_GRADE,3484251333
Allyn,Bowden,abowdenqs@eepurl.com,14-06-2023,HIGH_SCHOOL_1TH_GRADE,9821529545
Robyn,Stuehmeier,rstuehmeierqt@youtube.com,14-07-2022,HIGH_SCHOOL_1TH_GRADE,4134603730
Adelbert,Patty,apattyqu@xing.com,20-10-2023,HIGH_SCHOOL_1TH_GRADE,7206151203
Tremain,Aronin,taroninqv@mediafire.com,12-11-2022,HIGH_SCHOOL_1TH_GRADE,8055828933
Ottilie,Fielding,ofieldingqw@infoseek.co.jp,23-10-2022,HIGH_SCHOOL_1TH_GRADE,2064902685
Garrot,Dollimore,gdollimoreqx@livejournal.com,14-05-2023,HIGH_SCHOOL_1TH_GRADE,8953079330
Antonio,Gorrie,agorrieqy@ted.com,21-05-2022,HIGH_SCHOOL_1TH_GRADE,6214148275
Dilan,Syalvester,dsyalvesterqz@ebay.com,16-09-2022,HIGH_SCHOOL_1TH_GRADE,7734421074
Keane,Gullane,kgullaner0@senate.gov,06-06-2023,HIGH_SCHOOL_1TH_GRADE,9024751421
Karoline,Bilsford,kbilsfordr1@hugedomains.com,23-07-2023,HIGH_SCHOOL_1TH_GRADE,2126732612
Patty,Stickles,psticklesr2@google.pl,27-02-2022,HIGH_SCHOOL_1TH_GRADE,8275767866
Gerianna,Oen,goenr3@dell.com,17-05-2023,HIGH_SCHOOL_1TH_GRADE,1786415559
Lammond,Kubu,lkubur4@hibu.com,30-01-2023,HIGH_SCHOOL_1TH_GRADE,8032698083
Nollie,Managh,nmanaghr5@about.me,28-09-2023,HIGH_SCHOOL_1TH_GRADE,7746626360
Jolie,Vinter,jvinterr6@gizmodo.com,24-10-2022,HIGH_SCHOOL_1TH_GRADE,9696719288
Boote,Kilmaster,bkilmasterr7@typepad.com,18-09-2023,HIGH_SCHOOL_1TH_GRADE,5476962070
Fallon,Bradlaugh,fbradlaughr8@bandcamp.com,05-12-2021,HIGH_SCHOOL_1TH_GRADE,5353771821
Janella,Lintin,jlintinr9@about.com,26-07-2023,HIGH_SCHOOL_1TH_GRADE,8389819703
Shaine,Yegorev,syegorevra@wp.com,16-09-2022,HIGH_SCHOOL_1TH_GRADE,2419394495
Shelbi,Lynett,slynettrb@a8.net,02-02-2023,HIGH_SCHOOL_1TH_GRADE,1499875175
Colene,Grieg,cgriegrc@ox.ac.uk,09-10-2021,HIGH_SCHOOL_1TH_GRADE,1892527486
Stoddard,Gritsunov,sgritsunovrd@bbc.co.uk,20-05-2023,HIGH_SCHOOL_1TH_GRADE,3445554492
Saleem,Petrushkevich,spetrushkevichre@cloudflare.com,20-03-2023,HIGH_SCHOOL_1TH_GRADE,9377604564
Deedee,Arnaudet,darnaudetrf@slate.com,07-01-2022,HIGH_SCHOOL_1TH_GRADE,4817399840
Diarmid,Howcroft,dhowcroftrg@sun.com,06-11-2022,HIGH_SCHOOL_1TH_GRADE,7703929178
Nolana,Clayden,nclaydenrh@phpbb.com,09-06-2023,HIGH_SCHOOL_1TH_GRADE,7029692856
Courtenay,Astie,castieri@phoca.cz,04-12-2022,HIGH_SCHOOL_1TH_GRADE,3462846238
Janeen,Hammand,jhammandrj@nyu.edu,19-12-2021,HIGH_SCHOOL_1TH_GRADE,6723674327
Balduin,Kilgour,bkilgourrk@dailymotion.com,08-05-2022,HIGH_SCHOOL_1TH_GRADE,6473495921
Tedra,Ferrao,tferraorl@baidu.com,30-10-2022,HIGH_SCHOOL_1TH_GRADE,1926002610
Chiquia,Harries,charriesrm@plala.or.jp,13-12-2022,HIGH_SCHOOL_1TH_GRADE,1824487665
Allistir,Kensy,akensyrn@webeden.co.uk,15-03-2023,HIGH_SCHOOL_1TH_GRADE,7751526890
Glenda,Lattey,glatteyro@netvibes.com,27-09-2023,HIGH_SCHOOL_1TH_GRADE,7707587818
Gery,Doret,gdoretrp@walmart.com,07-02-2023,HIGH_SCHOOL_1TH_GRADE,5814416077
Justinn,Prettyman,jprettymanrq@paginegialle.it,10-07-2023,HIGH_SCHOOL_1TH_GRADE,4104467490
Cullan,Reymers,creymersrr@mit.edu,17-03-2022,HIGH_SCHOOL_1TH_GRADE,5138833509
