firstname,lastname,email,dateOfBirth,schoolClass,phoneNumber
Brooke,Toop,btoop0@barnesandnoble.com,23-06-2023,HIGH_SCHOOL_1TH_GRADE,5431737195
Freemon,Clogg,fclogg1@walmart.com,09-09-2021,HIGH_SCHOOL_1TH_GRADE,9435290406
Tess,Stenners,tstenners2@gizmodo.com,25-09-2021,HIGH_SCHOOL_1TH_GRADE,1486228550
Sutton,Cockton,scockton3@google.cn,12-05-2022,HIGH_SCHOOL_1TH_GRADE,8344020104
Danielle,Turnock,dturnock4@phoca.cz,22-03-2022,HIGH_SCHOOL_1TH_GRADE,3298607473
Tootsie,Powdrill,tpowdrill5@indiegogo.com,04-05-2023,HIGH_SCHOOL_1TH_GRADE,2492125766
Korrie,Mangeney,kmangeney6@about.com,09-09-2021,HIGH_SCHOOL_1TH_GRADE,4195831255
Alistair,Gurg,agurg7@mapquest.com,27-07-2022,HIGH_SCHOOL_1TH_GRADE,3151817877
Gaby,Petrillo,gpetrillo8@bigcartel.com,25-04-2023,HIGH_SCHOOL_1TH_GRADE,3824330105
Claudelle,Rieflin,crieflin9@unblog.fr,21-09-2022,HIGH_SCHOOL_1TH_GRADE,2337217416
Sly,Neely,sneelya@clickbank.net,09-07-2023,HIGH_SCHOOL_1TH_GRADE,1644981576
Tiffy,Langcaster,tlangcasterb@webs.com,12-08-2023,HIGH_SCHOOL_1TH_GRADE,9791057070
Edd,Siveyer,esiveyerc@dagondesign.com,02-10-2022,HIGH_SCHOOL_1TH_GRADE,6509356924
Pippo,Costello,pcostellod@businessweek.com,23-12-2021,HIGH_SCHOOL_1TH_GRADE,3657384976
Jeffry,Roizn,jroizne@census.gov,22-05-2023,HIGH_SCHOOL_1TH_GRADE,8376631426
Dacy,Dissman,ddissmanf@princeton.edu,14-04-2023,HIGH_SCHOOL_1TH_GRADE,2942167336
Neila,Harwick,nharwickg@paginegialle.it,27-02-2022,HIGH_SCHOOL_1TH_GRADE,6199674572
Franni,Lysaght,flysaghth@bloglovin.com,04-03-2023,HIGH_SCHOOL_1TH_GRADE,8371623397
Barbabas,Surcomb,bsurcombi@instagram.com,11-12-2022,HIGH_SCHOOL_1TH_GRADE,4457779230
Octavius,O' Driscoll,oodriscollj@nymag.com,13-07-2022,HIGH_SCHOOL_1TH_GRADE,5562718839
Chev,Kelsall,ckelsallk@bloglovin.com,14-07-2023,HIGH_SCHOOL_1TH_GRADE,4629864922
Adolph,Furmonger,afurmongerl@github.io,06-09-2023,HIGH_SCHOOL_1TH_GRADE,6695719852
Gwyneth,Pietz,gpietzm@ning.com,25-11-2021,HIGH_SCHOOL_1TH_GRADE,6401835255
Jarred,Izakovitz,jizakovitzn@dot.gov,11-03-2023,HIGH_SCHOOL_1TH_GRADE,9636082066
Tobey,Adamolli,tadamollio@altervista.org,12-09-2021,HIGH_SCHOOL_1TH_GRADE,9874897082
Evyn,Carradice,ecarradicep@free.fr,06-06-2022,HIGH_SCHOOL_1TH_GRADE,2544696534
Allyn,Charlesworth,acharlesworthq@census.gov,31-01-2022,HIGH_SCHOOL_1TH_GRADE,6091462450
Michael,Badcock,mbadcockr@ucsd.edu,09-10-2022,HIGH_SCHOOL_1TH_GRADE,2764364346
Angy,Towler,atowlers@wix.com,04-04-2023,HIGH_SCHOOL_1TH_GRADE,5864547956
Chere,Threadgould,cthreadgouldt@google.com.au,01-10-2022,HIGH_SCHOOL_1TH_GRADE,5853010833
Sheffield,Tixall,stixallu@nba.com,20-09-2022,HIGH_SCHOOL_1TH_GRADE,5743379062
Nikolaus,Bewsy,nbewsyv@dailymotion.com,22-06-2023,HIGH_SCHOOL_1TH_GRADE,4209135728
Nonah,Noddings,nnoddingsw@intel.com,17-07-2021,HIGH_SCHOOL_1TH_GRADE,2961177005
Anderson,Antosik,aantosikx@loc.gov,10-10-2023,HIGH_SCHOOL_1TH_GRADE,8671206817
Gare,Copcote,gcopcotey@cnet.com,29-07-2022,HIGH_SCHOOL_1TH_GRADE,8999671670
Ly,Stallen,lstallenz@sina.com.cn,25-07-2022,HIGH_SCHOOL_1TH_GRADE,9329925333
Kaitlynn,Payle,kpayle10@google.com.au,02-05-2022,HIGH_SCHOOL_1TH_GRADE,4539077883
Celina,Syred,csyred11@theglobeandmail.com,09-04-2023,HIGH_SCHOOL_1TH_GRADE,1026079316
Jan,Denton,jdenton12@mozilla.com,16-07-2021,HIGH_SCHOOL_1TH_GRADE,5176382362
Selinda,Billingham,sbillingham13@dmoz.org,28-10-2023,HIGH_SCHOOL_1TH_GRADE,5036869089
Colin,Claussen,cclaussen14@tripadvisor.com,16-07-2021,HIGH_SCHOOL_1TH_GRADE,3089244204
Clerissa,Eldrid,celdrid15@amazonaws.com,22-05-2022,HIGH_SCHOOL_1TH_GRADE,7253472778
Tandie,Baume,tbaume16@noaa.gov,18-11-2021,HIGH_SCHOOL_1TH_GRADE,1287015089
Keenan,Langer,klanger17@wordpress.com,12-12-2022,HIGH_SCHOOL_1TH_GRADE,9797813892
Leslie,Dally,ldally18@cnet.com,23-07-2023,HIGH_SCHOOL_1TH_GRADE,1352704516
Heddie,Rowthorne,hrowthorne19@cmu.edu,21-11-2021,HIGH_SCHOOL_1TH_GRADE,7351032879
Linea,Whytock,lwhytock1a@cpanel.net,08-10-2021,HIGH_SCHOOL_1TH_GRADE,7207611706
Matilde,Lourenco,mlourenco1b@hhs.gov,09-02-2022,HIGH_SCHOOL_1TH_GRADE,1899064290
Sonny,Brittoner,sbrittoner1c@rediff.com,23-12-2022,HIGH_SCHOOL_1TH_GRADE,1363401042
Jonathon,Ashtonhurst,jashtonhurst1d@fastcompany.com,23-10-2021,HIGH_SCHOOL_1TH_GRADE,9026308776
Mickie,Sandyfirth,msandyfirth1e@princeton.edu,06-10-2023,HIGH_SCHOOL_1TH_GRADE,2727783978
Silvia,Shepton,sshepton1f@purevolume.com,28-08-2023,HIGH_SCHOOL_1TH_GRADE,6084447639
Zackariah,LLelweln,zllelweln1g@cam.ac.uk,21-07-2023,HIGH_SCHOOL_1TH_GRADE,2119680481
Darrelle,Antuoni,dantuoni1h@tripadvisor.com,17-03-2022,HIGH_SCHOOL_1TH_GRADE,8332127974
Rebe,Parton,rparton1i@bluehost.com,31-08-2023,HIGH_SCHOOL_1TH_GRADE,5504970489
Doria,Marle,dmarle1j@liveinternet.ru,01-11-2023,HIGH_SCHOOL_1TH_GRADE,7901359326
Arda,Tows,atows1k@sourceforge.net,26-04-2023,HIGH_SCHOOL_1TH_GRADE,4744301655
Selig,Jachimczak,sjachimczak1l@dropbox.com,22-03-2022,HIGH_SCHOOL_1TH_GRADE,5945646114
Trista,Pepperell,tpepperell1m@tripadvisor.com,12-08-2021,HIGH_SCHOOL_1TH_GRADE,1246338487
Jay,Martensen,jmartensen1n@nasa.gov,09-05-2023,HIGH_SCHOOL_1TH_GRADE,9617777984
Reinhard,Woolveridge,rwoolveridge1o@answers.com,24-10-2023,HIGH_SCHOOL_1TH_GRADE,7849602638
Urbanus,Mobley,umobley1p@reference.com,17-07-2021,HIGH_SCHOOL_1TH_GRADE,5677939473
Bart,Lanston,blanston1q@jugem.jp,03-05-2023,HIGH_SCHOOL_1TH_GRADE,6559743906
Dolli,Trase,dtrase1r@jigsy.com,19-08-2021,HIGH_SCHOOL_1TH_GRADE,9141224603
Lynnett,Gouldstraw,lgouldstraw1s@cdbaby.com,16-12-2022,HIGH_SCHOOL_1TH_GRADE,5909252758
Jamaal,Finlator,jfinlator1t@ow.ly,14-07-2021,HIGH_SCHOOL_1TH_GRADE,5864609122
Gerick,Beake,gbeake1u@dot.gov,23-03-2023,HIGH_SCHOOL_1TH_GRADE,8442764329
Kaia,Scopyn,kscopyn1v@deviantart.com,04-10-2023,HIGH_SCHOOL_1TH_GRADE,1565442885
Cristina,Bengtson,cbengtson1w@w3.org,05-04-2022,HIGH_SCHOOL_1TH_GRADE,2179159060
Fancy,Collecott,fcollecott1x@theglobeandmail.com,28-03-2023,HIGH_SCHOOL_1TH_GRADE,5404666083
Dag,Fold,dfold1y@mac.com,04-09-2021,HIGH_SCHOOL_1TH_GRADE,5816116399
Laurella,Liddington,lliddington1z@harvard.edu,15-11-2023,HIGH_SCHOOL_1TH_GRADE,6248493483
Ario,Cisland,acisland20@blinklist.com,17-08-2021,HIGH_SCHOOL_1TH_GRADE,9173510922
Lock,Devita,ldevita21@newsvine.com,14-03-2023,HIGH_SCHOOL_1TH_GRADE,2344774923
Elden,Sweed,esweed22@microsoft.com,06-01-2022,HIGH_SCHOOL_1TH_GRADE,3236547153
Dallas,Wernher,dwernher23@123-reg.co.uk,01-10-2022,HIGH_SCHOOL_1TH_GRADE,6496064502
Gibby,Jerzycowski,gjerzycowski24@gov.uk,04-01-2023,HIGH_SCHOOL_1TH_GRADE,2878669903
Quintus,Shepcutt,qshepcutt25@berkeley.edu,02-09-2022,HIGH_SCHOOL_1TH_GRADE,3454329238
Viole,Vautre,vvautre26@usda.gov,05-02-2023,HIGH_SCHOOL_1TH_GRADE,9276183107
Frasco,Beynon,fbeynon27@marriott.com,07-05-2022,HIGH_SCHOOL_1TH_GRADE,2825146158
Gilberta,Dosdale,gdosdale28@trellian.com,18-07-2022,HIGH_SCHOOL_1TH_GRADE,8038045492
Adena,Bulch,abulch29@columbia.edu,30-08-2023,HIGH_SCHOOL_1TH_GRADE,6608755788
Louisette,Grangier,lgrangier2a@sciencedaily.com,11-07-2021,HIGH_SCHOOL_1TH_GRADE,3616920173
Jaquelyn,Bolte,jbolte2b@tuttocitta.it,09-11-2022,HIGH_SCHOOL_1TH_GRADE,5462917356
Anica,Carvill,acarvill2c@slate.com,22-08-2021,HIGH_SCHOOL_1TH_GRADE,3593393001
Tori,Jacob,tjacob2d@va.gov,20-03-2023,HIGH_SCHOOL_1TH_GRADE,9276649640
Dore,Duthie,dduthie2e@elegantthemes.com,10-01-2023,HIGH_SCHOOL_1TH_GRADE,9443643493
Bartholemy,Burnhill,bburnhill2f@yolasite.com,07-02-2022,HIGH_SCHOOL_1TH_GRADE,8213884834
Graeme,Tillyer,gtillyer2g@chicagotribune.com,19-08-2021,HIGH_SCHOOL_1TH_GRADE,1042044095
Kimberlee,Rambaut,krambaut2h@so-net.ne.jp,13-06-2023,HIGH_SCHOOL_1TH_GRADE,3997473018
Richart,Adriani,radriani2i@google.de,06-10-2022,HIGH_SCHOOL_1TH_GRADE,1329493738
Josy,Andreix,jandreix2j@dailymotion.com,16-01-2023,HIGH_SCHOOL_1TH_GRADE,3266379957
Kyle,Lorkins,klorkins2k@fotki.com,04-09-2022,HIGH_SCHOOL_1TH_GRADE,9152938927
Seamus,Derr,sderr2l@umich.edu,07-09-2022,HIGH_SCHOOL_1TH_GRADE,8075947028
Kim,Magnay,kmagnay2m@dagondesign.com,27-01-2022,HIGH_SCHOOL_1TH_GRADE,8864893748
Darci,Thewless,dthewless2n@prnewswire.com,10-07-2022,HIGH_SCHOOL_1TH_GRADE,1674055405
Casie,St Louis,cstlouis2o@ebay.com,07-12-2021,HIGH_SCHOOL_1TH_GRADE,7813947931
Leigh,Tschierse,ltschierse2p@chronoengine.com,17-04-2023,HIGH_SCHOOL_1TH_GRADE,5208453674
Hamnet,Loy,hloy2q@cnet.com,05-08-2023,HIGH_SCHOOL_1TH_GRADE,4751214582
Gustave,Hudson,ghudson2r@godaddy.com,14-07-2022,HIGH_SCHOOL_1TH_GRADE,6731070692
Lita,Tuckwell,ltuckwell2s@vk.com,27-03-2023,HIGH_SCHOOL_1TH_GRADE,5033219794
Adelaide,Mattiassi,amattiassi2t@xing.com,10-12-2022,HIGH_SCHOOL_1TH_GRADE,7202380291
Leanora,Terbruggen,lterbruggen2u@github.com,13-08-2023,HIGH_SCHOOL_1TH_GRADE,8894854336
Zorine,Liverock,zliverock2v@photobucket.com,02-04-2023,HIGH_SCHOOL_1TH_GRADE,5602578696
Donnajean,Haward,dhaward2w@zdnet.com,13-01-2022,HIGH_SCHOOL_1TH_GRADE,1388200239
Prudy,Hoxey,phoxey2x@wired.com,22-11-2021,HIGH_SCHOOL_1TH_GRADE,2065842478
Haslett,Wesker,hwesker2y@icq.com,29-05-2022,HIGH_SCHOOL_1TH_GRADE,3935652879
Rhody,Kubicek,rkubicek2z@yahoo.com,28-11-2021,HIGH_SCHOOL_1TH_GRADE,8573492585
Starr,Calken,scalken30@nsw.gov.au,31-01-2023,HIGH_SCHOOL_1TH_GRADE,7607987711
Philippa,Sever,psever31@eventbrite.com,07-02-2022,HIGH_SCHOOL_1TH_GRADE,8989427098
Corrianne,Ivashev,civashev32@prlog.org,05-09-2022,HIGH_SCHOOL_1TH_GRADE,7546913392
Dorice,Elphinston,delphinston33@stanford.edu,18-03-2022,HIGH_SCHOOL_1TH_GRADE,5628515464
Crichton,Blonden,cblonden34@tinyurl.com,01-09-2022,HIGH_SCHOOL_1TH_GRADE,3594129659
Hollie,Wallentin,hwallentin35@ameblo.jp,28-12-2022,HIGH_SCHOOL_1TH_GRADE,2463915812
Fritz,Walsham,fwalsham36@indiatimes.com,06-09-2023,HIGH_SCHOOL_1TH_GRADE,1573761133
Alvira,Beddo,abeddo37@myspace.com,12-11-2023,HIGH_SCHOOL_1TH_GRADE,9963186644
Ingeberg,Doddemeede,idoddemeede38@youtube.com,04-03-2023,HIGH_SCHOOL_1TH_GRADE,7003159643
Wolf,Chatel,wchatel39@w3.org,18-12-2021,HIGH_SCHOOL_1TH_GRADE,8835999356
Adelaida,Lummis,alummis3a@nih.gov,10-10-2021,HIGH_SCHOOL_1TH_GRADE,7591672314
Parker,Simonot,psimonot3b@woothemes.com,24-04-2023,HIGH_SCHOOL_1TH_GRADE,1611239058
Olly,Fice,ofice3c@go.com,07-06-2023,HIGH_SCHOOL_1TH_GRADE,3879933900
Winni,Pancast,wpancast3d@gnu.org,29-03-2022,HIGH_SCHOOL_1TH_GRADE,5156470723
Shadow,Kochel,skochel3e@cloudflare.com,08-04-2023,HIGH_SCHOOL_1TH_GRADE,8706515169
Waldon,Wigley,wwigley3f@cbsnews.com,26-10-2023,HIGH_SCHOOL_1TH_GRADE,8843542196
Griffie,Feldberg,gfeldberg3g@ustream.tv,31-05-2022,HIGH_SCHOOL_1TH_GRADE,2946503629
Sofia,Halwood,shalwood3h@si.edu,12-03-2022,HIGH_SCHOOL_1TH_GRADE,4771111555
Rosy,Bruineman,rbruineman3i@baidu.com,10-01-2022,HIGH_SCHOOL_1TH_GRADE,5917570147
Gusty,Probetts,gprobetts3j@yahoo.co.jp,04-05-2022,HIGH_SCHOOL_1TH_GRADE,6862643226
Leif,Josephi,ljosephi3k@cbsnews.com,13-12-2021,HIGH_SCHOOL_1TH_GRADE,9722639451
Dougy,Colnet,dcolnet3l@quantcast.com,23-08-2022,HIGH_SCHOOL_1TH_GRADE,6603449733
Isidoro,Adamou,iadamou3m@4shared.com,17-06-2022,HIGH_SCHOOL_1TH_GRADE,5505158153
Daven,Francescone,dfrancescone3n@whitehouse.gov,17-12-2022,HIGH_SCHOOL_1TH_GRADE,7302373722
Scott,Aggett,saggett3o@slate.com,06-07-2022,HIGH_SCHOOL_1TH_GRADE,6834222390
Kirbie,Boscott,kboscott3p@tinypic.com,27-02-2022,HIGH_SCHOOL_1TH_GRADE,9713845689
Nisse,Kaszper,nkaszper3q@naver.com,24-01-2022,HIGH_SCHOOL_1TH_GRADE,2947165243
Trevar,Comellini,tcomellini3r@ustream.tv,31-10-2022,HIGH_SCHOOL_1TH_GRADE,2308807190
Martelle,Limbourne,mlimbourne3s@behance.net,30-09-2022,HIGH_SCHOOL_1TH_GRADE,5743469937
Worthy,Tuerena,wtuerena3t@usatoday.com,22-08-2022,HIGH_SCHOOL_1TH_GRADE,3256766073
Sofia,Dacks,sdacks3u@tamu.edu,14-10-2022,HIGH_SCHOOL_1TH_GRADE,8182386829
Lezley,Robbins,lrobbins3v@google.com.hk,15-05-2022,HIGH_SCHOOL_1TH_GRADE,9931729116
Martyn,Bothbie,mbothbie3w@unc.edu,11-09-2022,HIGH_SCHOOL_1TH_GRADE,3098893024
Sydelle,Bexon,sbexon3x@taobao.com,13-04-2022,HIGH_SCHOOL_1TH_GRADE,2469779290
Bastien,Cattroll,bcattroll3y@amazon.com,21-08-2021,HIGH_SCHOOL_1TH_GRADE,9265779012
Ilysa,Eltun,ieltun3z@weebly.com,21-10-2021,HIGH_SCHOOL_1TH_GRADE,7968731829
Merla,Ketteman,mketteman40@google.de,02-11-2021,HIGH_SCHOOL_1TH_GRADE,7506280429
Tommi,Drinnan,tdrinnan41@hexun.com,05-09-2022,HIGH_SCHOOL_1TH_GRADE,7194190373
Renee,Spadoni,rspadoni42@hibu.com,14-12-2021,HIGH_SCHOOL_1TH_GRADE,7574421594
Rhodia,Aronowitz,raronowitz43@newyorker.com,02-10-2022,HIGH_SCHOOL_1TH_GRADE,5525653277
Theodor,Mark,tmark44@ezinearticles.com,08-06-2023,HIGH_SCHOOL_1TH_GRADE,7531185211
Robbin,Dumbrill,rdumbrill45@mtv.com,18-07-2023,HIGH_SCHOOL_1TH_GRADE,3592629302
Blakelee,Fynn,bfynn46@csmonitor.com,10-12-2022,HIGH_SCHOOL_1TH_GRADE,6651979459
Fawne,Spellecy,fspellecy47@oakley.com,18-09-2023,HIGH_SCHOOL_1TH_GRADE,3556875997
Hermy,Tosdevin,htosdevin48@seattletimes.com,24-09-2022,HIGH_SCHOOL_1TH_GRADE,5358984262
Lindy,Kellie,lkellie49@wired.com,19-02-2023,HIGH_SCHOOL_1TH_GRADE,6965047812
Pete,Hounsham,phounsham4a@w3.org,31-05-2022,HIGH_SCHOOL_1TH_GRADE,1194666268
Christophorus,Monument,cmonument4b@npr.org,29-10-2023,HIGH_SCHOOL_1TH_GRADE,2998757661
Derward,Mardall,dmardall4c@hc360.com,03-03-2022,HIGH_SCHOOL_1TH_GRADE,8398774796
Ray,Desquesnes,rdesquesnes4d@time.com,24-08-2021,HIGH_SCHOOL_1TH_GRADE,3351338501
Prentiss,O'Carrol,pocarrol4e@vimeo.com,18-06-2022,HIGH_SCHOOL_1TH_GRADE,6058211188
Darda,Ping,dping4f@walmart.com,20-02-2023,HIGH_SCHOOL_1TH_GRADE,4739704661
Putnam,Ubank,pubank4g@utexas.edu,07-04-2022,HIGH_SCHOOL_1TH_GRADE,7425169831
Isac,Martynka,imartynka4h@myspace.com,30-08-2022,HIGH_SCHOOL_1TH_GRADE,1188041619
Tabatha,Orcott,torcott4i@lulu.com,24-02-2022,HIGH_SCHOOL_1TH_GRADE,8609817646
Joletta,Holleran,jholleran4j@github.io,10-04-2022,HIGH_SCHOOL_1TH_GRADE,8761576138
Fleurette,Mc Queen,fmcqueen4k@moonfruit.com,19-09-2022,HIGH_SCHOOL_1TH_GRADE,6748316378
Abey,Leve,aleve4l@pagesperso-orange.fr,03-02-2023,HIGH_SCHOOL_1TH_GRADE,5088806519
Faustine,Frankling,ffrankling4m@spotify.com,29-06-2022,HIGH_SCHOOL_1TH_GRADE,4018224198
Sterne,Kirlin,skirlin4n@washington.edu,01-03-2023,HIGH_SCHOOL_1TH_GRADE,4538899852
Roch,Lakenton,rlakenton4o@cnn.com,19-08-2023,HIGH_SCHOOL_1TH_GRADE,4097637396
Titos,Rendbaek,trendbaek4p@imgur.com,04-10-2021,HIGH_SCHOOL_1TH_GRADE,8985354695
Deck,Trathan,dtrathan4q@blinklist.com,12-10-2021,HIGH_SCHOOL_1TH_GRADE,7054531167
Bernice,Laybourn,blaybourn4r@storify.com,03-08-2021,HIGH_SCHOOL_1TH_GRADE,4745225765
Iago,Poli,ipoli4s@mac.com,26-08-2023,HIGH_SCHOOL_1TH_GRADE,8377728848
Manfred,Danter,mdanter4t@4shared.com,11-12-2021,HIGH_SCHOOL_1TH_GRADE,4312325666
Jeth,Mersh,jmersh4u@1688.com,13-02-2023,HIGH_SCHOOL_1TH_GRADE,1133795381
Rocky,Thrush,rthrush4v@wired.com,29-12-2021,HIGH_SCHOOL_1TH_GRADE,2864785840
Tomasine,Hammerich,thammerich4w@cloudflare.com,24-08-2023,HIGH_SCHOOL_1TH_GRADE,7625392173
Bettye,Vatini,bvatini4x@fastcompany.com,19-07-2023,HIGH_SCHOOL_1TH_GRADE,8365138498
Berti,Huggen,bhuggen4y@cloudflare.com,24-09-2022,HIGH_SCHOOL_1TH_GRADE,4004477472
Gaston,Ping,gping4z@comsenz.com,08-02-2022,HIGH_SCHOOL_1TH_GRADE,5632455173
Billy,Shorton,bshorton50@csmonitor.com,28-09-2021,HIGH_SCHOOL_1TH_GRADE,9187072781
Lorrie,Dow,ldow51@springer.com,21-03-2023,HIGH_SCHOOL_1TH_GRADE,6174931996
Veronika,Geldert,vgeldert52@studiopress.com,21-02-2023,HIGH_SCHOOL_1TH_GRADE,3878565857
Portia,Marland,pmarland53@webs.com,27-02-2023,HIGH_SCHOOL_1TH_GRADE,7341666073
Heddi,Horbath,hhorbath54@cargocollective.com,27-11-2022,HIGH_SCHOOL_1TH_GRADE,7088531157
Cheryl,Challin,cchallin55@wix.com,11-11-2023,HIGH_SCHOOL_1TH_GRADE,8359821816
Drew,Carde,dcarde56@umn.edu,09-02-2022,HIGH_SCHOOL_1TH_GRADE,5947692856
Abran,Giacopello,agiacopello57@pcworld.com,25-12-2021,HIGH_SCHOOL_1TH_GRADE,2504349570
Christoffer,Brentnall,cbrentnall58@instagram.com,23-10-2022,HIGH_SCHOOL_1TH_GRADE,3422923140
Osbourn,Sowrey,osowrey59@chicagotribune.com,03-01-2023,HIGH_SCHOOL_1TH_GRADE,3911681294
Annette,Kienlein,akienlein5a@free.fr,09-01-2023,HIGH_SCHOOL_1TH_GRADE,6593000237
Raff,Karleman,rkarleman5b@oakley.com,17-01-2022,HIGH_SCHOOL_1TH_GRADE,5377017755
Giraldo,Lawford,glawford5c@tumblr.com,02-06-2022,HIGH_SCHOOL_1TH_GRADE,7047054098
Lacy,Juzek,ljuzek5d@youtube.com,14-02-2022,HIGH_SCHOOL_1TH_GRADE,8565515752
Olag,Schoolcroft,oschoolcroft5e@issuu.com,26-12-2022,HIGH_SCHOOL_1TH_GRADE,8318583857
Sterling,McAster,smcaster5f@networkadvertising.org,18-08-2022,HIGH_SCHOOL_1TH_GRADE,6446281651
Jonie,Isham,jisham5g@mit.edu,10-09-2023,HIGH_SCHOOL_1TH_GRADE,2174102209
Gaynor,Arlidge,garlidge5h@multiply.com,04-05-2022,HIGH_SCHOOL_1TH_GRADE,8045152460
Evelin,Guildford,eguildford5i@upenn.edu,25-09-2022,HIGH_SCHOOL_1TH_GRADE,5218724000
Roxy,Kitchenside,rkitchenside5j@dell.com,16-02-2022,HIGH_SCHOOL_1TH_GRADE,6471808079
Brit,Ellacott,bellacott5k@multiply.com,30-05-2022,HIGH_SCHOOL_1TH_GRADE,8298596978
Vickie,Kenna,vkenna5l@wordpress.com,13-05-2022,HIGH_SCHOOL_1TH_GRADE,8121392667
Ellis,Label,elabel5m@youtu.be,26-03-2023,HIGH_SCHOOL_1TH_GRADE,5316160235
Prudi,Filochov,pfilochov5n@uol.com.br,20-02-2023,HIGH_SCHOOL_1TH_GRADE,1544372361
Dell,Bostock,dbostock5o@comsenz.com,20-06-2022,HIGH_SCHOOL_1TH_GRADE,9786262492
Berkeley,Messier,bmessier5p@a8.net,26-09-2022,HIGH_SCHOOL_1TH_GRADE,6447253595
Rutledge,Bouda,rbouda5q@usgs.gov,24-04-2023,HIGH_SCHOOL_1TH_GRADE,9394769983
Hube,Myderscough,hmyderscough5r@uiuc.edu,25-08-2021,HIGH_SCHOOL_1TH_GRADE,4595632249
Lauree,Grzegorecki,lgrzegorecki5s@usda.gov,10-11-2023,HIGH_SCHOOL_1TH_GRADE,4782184868
Carmina,Marchbank,cmarchbank5t@fastcompany.com,01-01-2022,HIGH_SCHOOL_1TH_GRADE,9923854446
Gale,Stormont,gstormont5u@google.fr,10-08-2022,HIGH_SCHOOL_1TH_GRADE,9212985859
Florina,Brunker,fbrunker5v@tuttocitta.it,14-10-2021,HIGH_SCHOOL_1TH_GRADE,8547425303
Lotti,Shakesbye,lshakesbye5w@irs.gov,22-01-2023,HIGH_SCHOOL_1TH_GRADE,5783207423
Maximilien,Pemble,mpemble5x@dion.ne.jp,26-10-2023,HIGH_SCHOOL_1TH_GRADE,3162222913
Adeline,Sharland,asharland5y@princeton.edu,03-06-2023,HIGH_SCHOOL_1TH_GRADE,7429900024
Douglas,Lempel,dlempel5z@time.com,16-12-2021,HIGH_SCHOOL_1TH_GRADE,9953270601
Aldrich,Samworth,asamworth60@issuu.com,24-05-2022,HIGH_SCHOOL_1TH_GRADE,2137441708
Jorry,Le Franc,jlefranc61@wufoo.com,17-10-2021,HIGH_SCHOOL_1TH_GRADE,3195774932
Graig,Abbiss,gabbiss62@apple.com,30-07-2023,HIGH_SCHOOL_1TH_GRADE,2271342884
Lorne,Tarrier,ltarrier63@google.cn,05-02-2023,HIGH_SCHOOL_1TH_GRADE,8161348049
Les,Elener,lelener64@ehow.com,04-09-2021,HIGH_SCHOOL_1TH_GRADE,7785594804
Damiano,Spencelayh,dspencelayh65@pagesperso-orange.fr,27-09-2023,HIGH_SCHOOL_1TH_GRADE,9627801529
Sybille,McGeraghty,smcgeraghty66@npr.org,24-01-2022,HIGH_SCHOOL_1TH_GRADE,5119863222
Aldric,Gurko,agurko67@tinyurl.com,08-05-2022,HIGH_SCHOOL_1TH_GRADE,5877427732
Tabbi,Enrique,tenrique68@time.com,11-05-2023,HIGH_SCHOOL_1TH_GRADE,2492861848
Trenna,Keely,tkeely69@over-blog.com,04-11-2022,HIGH_SCHOOL_1TH_GRADE,2934141010
Dannel,Ibarra,dibarra6a@paypal.com,19-04-2023,HIGH_SCHOOL_1TH_GRADE,1309512499
Neil,Pumfrey,npumfrey6b@github.io,25-07-2022,HIGH_SCHOOL_1TH_GRADE,8173553761
Tobie,Schoular,tschoular6c@cisco.com,06-09-2022,HIGH_SCHOOL_1TH_GRADE,1976349195
Valerye,Enston,venston6d@desdev.cn,08-04-2022,HIGH_SCHOOL_1TH_GRADE,4427727488
Martino,O'Hingerty,mohingerty6e@timesonline.co.uk,03-07-2023,HIGH_SCHOOL_1TH_GRADE,1479738645
Jorie,Bisp,jbisp6f@webnode.com,26-09-2021,HIGH_SCHOOL_1TH_GRADE,9423809936
Kathe,Paley,kpaley6g@ovh.net,15-01-2023,HIGH_SCHOOL_1TH_GRADE,4851839440
Charlie,Eakens,ceakens6h@123-reg.co.uk,05-04-2022,HIGH_SCHOOL_1TH_GRADE,4765871142
Nerti,Rushby,nrushby6i@posterous.com,04-09-2023,HIGH_SCHOOL_1TH_GRADE,2124414080
Marthe,Roose,mroose6j@addthis.com,29-12-2022,HIGH_SCHOOL_1TH_GRADE,5069019640
Melva,Olwen,molwen6k@census.gov,21-07-2021,HIGH_SCHOOL_1TH_GRADE,7725055182
Rorke,Breitling,rbreitling6l@surveymonkey.com,03-12-2021,HIGH_SCHOOL_1TH_GRADE,1367685673
Antone,Wetheril,awetheril6m@smh.com.au,17-09-2023,HIGH_SCHOOL_1TH_GRADE,4344613724
Emera,Medina,emedina6n@imdb.com,01-11-2023,HIGH_SCHOOL_1TH_GRADE,9327543119
Rafael,Shirt,rshirt6o@answers.com,13-10-2021,HIGH_SCHOOL_1TH_GRADE,4658593500
Xaviera,Hacaud,xhacaud6p@ucoz.ru,06-03-2023,HIGH_SCHOOL_1TH_GRADE,6919184928
Ileana,Stoffersen,istoffersen6q@pen.io,17-08-2022,HIGH_SCHOOL_1TH_GRADE,1102731576
Birdie,Fevers,bfevers6r@usatoday.com,23-06-2023,HIGH_SCHOOL_1TH_GRADE,6065829591
Hannis,Spreull,hspreull6s@com.com,18-02-2022,HIGH_SCHOOL_1TH_GRADE,7414281711
Brande,Landeg,blandeg6t@mtv.com,03-09-2023,HIGH_SCHOOL_1TH_GRADE,4188756677
Gasparo,Filippyev,gfilippyev6u@wikimedia.org,28-05-2023,HIGH_SCHOOL_1TH_GRADE,1624540003
Johnna,Fairnie,jfairnie6v@discovery.com,13-10-2021,HIGH_SCHOOL_1TH_GRADE,3552610245
Dallas,Chopy,dchopy6w@buzzfeed.com,26-02-2023,HIGH_SCHOOL_1TH_GRADE,6336545928
Grayce,Delicate,gdelicate6x@seattletimes.com,30-11-2021,HIGH_SCHOOL_1TH_GRADE,1952988222
Joelynn,Gianolo,jgianolo6y@bloomberg.com,15-12-2021,HIGH_SCHOOL_1TH_GRADE,6643593517
Alison,Barniss,abarniss6z@diigo.com,22-03-2023,HIGH_SCHOOL_1TH_GRADE,6907759606
Elenore,Lumbley,elumbley70@amazon.de,24-10-2022,HIGH_SCHOOL_1TH_GRADE,4191242386
Neely,Hedditch,nhedditch71@washington.edu,04-06-2022,HIGH_SCHOOL_1TH_GRADE,8739893586
Donica,Casebourne,dcasebourne72@sakura.ne.jp,22-04-2022,HIGH_SCHOOL_1TH_GRADE,3949738203
Base,Van Niekerk,bvanniekerk73@psu.edu,01-01-2022,HIGH_SCHOOL_1TH_GRADE,9652295820
Sophronia,Euston,seuston74@networkadvertising.org,29-10-2021,HIGH_SCHOOL_1TH_GRADE,5283152298
Eunice,Beechcraft,ebeechcraft75@apple.com,05-01-2023,HIGH_SCHOOL_1TH_GRADE,2977190373
Yorke,Findlay,yfindlay76@elpais.com,13-11-2023,HIGH_SCHOOL_1TH_GRADE,2356643243
Melitta,Shergold,mshergold77@tinyurl.com,12-07-2022,HIGH_SCHOOL_1TH_GRADE,6859379826
Ardith,Le Barr,alebarr78@biblegateway.com,11-09-2023,HIGH_SCHOOL_1TH_GRADE,1172983633
Emera,McTeer,emcteer79@naver.com,30-05-2022,HIGH_SCHOOL_1TH_GRADE,6061246188
Harley,Pendreigh,hpendreigh7a@dagondesign.com,19-02-2022,HIGH_SCHOOL_1TH_GRADE,8703056604
Dorita,Sanderson,dsanderson7b@odnoklassniki.ru,30-07-2021,HIGH_SCHOOL_1TH_GRADE,7351423552
Analiese,Sinnock,asinnock7c@de.vu,05-09-2021,HIGH_SCHOOL_1TH_GRADE,4293657453
Julieta,Matuska,jmatuska7d@myspace.com,02-10-2023,HIGH_SCHOOL_1TH_GRADE,1204027960
Gaye,Gallant,ggallant7e@hao123.com,21-05-2023,HIGH_SCHOOL_1TH_GRADE,6556620236
Lorrie,Petit,lpetit7f@yolasite.com,14-08-2023,HIGH_SCHOOL_1TH_GRADE,5357246569
Karisa,McSherry,kmcsherry7g@tmall.com,14-10-2022,HIGH_SCHOOL_1TH_GRADE,2318183126
Glenine,Rosiello,grosiello7h@yahoo.com,12-01-2023,HIGH_SCHOOL_1TH_GRADE,2157002925
Nessi,Hasnney,nhasnney7i@ebay.com,22-11-2021,HIGH_SCHOOL_1TH_GRADE,3985325628
Lyle,Menco,lmenco7j@xrea.com,29-06-2022,HIGH_SCHOOL_1TH_GRADE,1837526268
Clyve,Calabry,ccalabry7k@odnoklassniki.ru,26-07-2023,HIGH_SCHOOL_1TH_GRADE,3798846534
Finn,Flicker,fflicker7l@wsj.com,13-10-2021,HIGH_SCHOOL_1TH_GRADE,7992554978
Jacquelin,Keuneke,jkeuneke7m@mit.edu,06-02-2022,HIGH_SCHOOL_1TH_GRADE,9034562062
Hastie,Turbefield,hturbefield7n@scribd.com,23-07-2023,HIGH_SCHOOL_1TH_GRADE,9895552655
Jemie,Farriar,jfarriar7o@techcrunch.com,11-06-2022,HIGH_SCHOOL_1TH_GRADE,6209089044
Winfred,Sanchiz,wsanchiz7p@google.co.uk,16-12-2022,HIGH_SCHOOL_1TH_GRADE,9754926524
Melisande,Konke,mkonke7q@prnewswire.com,04-12-2021,HIGH_SCHOOL_1TH_GRADE,6701979813
Odille,Kelloch,okelloch7r@yellowpages.com,31-08-2023,HIGH_SCHOOL_1TH_GRADE,4497796001
Cirilo,Jantot,cjantot7s@github.com,31-08-2023,HIGH_SCHOOL_1TH_GRADE,6705434954
Cecilla,Annott,cannott7t@smugmug.com,10-11-2021,HIGH_SCHOOL_1TH_GRADE,1062871212
Nyssa,Renol,nrenol7u@wufoo.com,03-08-2021,HIGH_SCHOOL_1TH_GRADE,7863343694
Lilly,Roast,lroast7v@github.com,02-10-2023,HIGH_SCHOOL_1TH_GRADE,1992574835
Laney,Tanslie,ltanslie7w@freewebs.com,06-10-2021,HIGH_SCHOOL_1TH_GRADE,6553174385
Helen-elizabeth,Chavey,hchavey7x@statcounter.com,11-04-2023,HIGH_SCHOOL_1TH_GRADE,5287628885
Dehlia,Fould,dfould7y@meetup.com,08-07-2022,HIGH_SCHOOL_1TH_GRADE,6789265106
Elita,Naire,enaire7z@amazon.co.jp,06-10-2021,HIGH_SCHOOL_1TH_GRADE,1974933722
Arnaldo,Densun,adensun80@twitpic.com,28-09-2021,HIGH_SCHOOL_1TH_GRADE,2567245383
Joanie,Baldi,jbaldi81@google.it,23-06-2023,HIGH_SCHOOL_1TH_GRADE,3416169566
Chrissie,Stoven,cstoven82@craigslist.org,27-10-2021,HIGH_SCHOOL_1TH_GRADE,5475943258
Zollie,Paintain,zpaintain83@spiegel.de,01-05-2023,HIGH_SCHOOL_1TH_GRADE,3763623509
Ingram,Benezeit,ibenezeit84@shinystat.com,30-10-2022,HIGH_SCHOOL_1TH_GRADE,9942369389
Pernell,Dadswell,pdadswell85@toplist.cz,14-06-2022,HIGH_SCHOOL_1TH_GRADE,4325313879
Tildi,Hancorn,thancorn86@paginegialle.it,16-07-2022,HIGH_SCHOOL_1TH_GRADE,4737058305
Dorian,Yurivtsev,dyurivtsev87@illinois.edu,24-09-2023,HIGH_SCHOOL_1TH_GRADE,8486481707
Jania,Stepney,jstepney88@kickstarter.com,27-10-2021,HIGH_SCHOOL_1TH_GRADE,2991363665
Carma,Maps,cmaps89@umn.edu,19-04-2022,HIGH_SCHOOL_1TH_GRADE,9698627606
Ryan,Tatters,rtatters8a@diigo.com,21-11-2023,HIGH_SCHOOL_1TH_GRADE,9194232768
Eadith,Chattelaine,echattelaine8b@guardian.co.uk,19-06-2022,HIGH_SCHOOL_1TH_GRADE,8868758472
Allistir,Wong,awong8c@china.com.cn,19-10-2023,HIGH_SCHOOL_1TH_GRADE,5797714484
Teirtza,Cottis,tcottis8d@amazon.co.jp,25-06-2022,HIGH_SCHOOL_1TH_GRADE,5074735878
Cookie,McLaine,cmclaine8e@timesonline.co.uk,13-08-2021,HIGH_SCHOOL_1TH_GRADE,2941030167
Clayton,Sarfatti,csarfatti8f@ameblo.jp,02-04-2023,HIGH_SCHOOL_1TH_GRADE,5958883852
Konstance,MacGragh,kmacgragh8g@blinklist.com,24-10-2023,HIGH_SCHOOL_1TH_GRADE,2767675675
Vivyan,Pesterfield,vpesterfield8h@bravesites.com,27-11-2021,HIGH_SCHOOL_1TH_GRADE,3589509854
Loise,Lumby,llumby8i@ning.com,12-05-2022,HIGH_SCHOOL_1TH_GRADE,8667558221
Ronnie,Longhorne,rlonghorne8j@washingtonpost.com,27-01-2023,HIGH_SCHOOL_1TH_GRADE,7311520636
Andros,Fitzsimon,afitzsimon8k@house.gov,06-09-2021,HIGH_SCHOOL_1TH_GRADE,7841905812
Lin,Gennrich,lgennrich8l@prlog.org,16-06-2022,HIGH_SCHOOL_1TH_GRADE,1403131047
Rubina,Synder,rsynder8m@about.com,30-08-2021,HIGH_SCHOOL_1TH_GRADE,1371415644
Amii,Ivanisov,aivanisov8n@liveinternet.ru,25-07-2022,HIGH_SCHOOL_1TH_GRADE,7466381116
Phylys,Zorener,pzorener8o@netlog.com,11-01-2022,HIGH_SCHOOL_1TH_GRADE,1375545172
Caye,Geaney,cgeaney8p@theguardian.com,13-07-2022,HIGH_SCHOOL_1TH_GRADE,3449034546
Nicoline,Hawson,nhawson8q@harvard.edu,23-09-2022,HIGH_SCHOOL_1TH_GRADE,8151016958
Tamarra,Lautie,tlautie8r@guardian.co.uk,12-10-2021,HIGH_SCHOOL_1TH_GRADE,3885163951
Appolonia,Rudkin,arudkin8s@bluehost.com,02-09-2022,HIGH_SCHOOL_1TH_GRADE,3717731420
Gilburt,Tewes,gtewes8t@wp.com,12-10-2023,HIGH_SCHOOL_1TH_GRADE,5688102641
Austine,Jore,ajore8u@sogou.com,10-12-2021,HIGH_SCHOOL_1TH_GRADE,1407329557
Tova,Brinson,tbrinson8v@1und1.de,21-05-2022,HIGH_SCHOOL_1TH_GRADE,3578925319
Carree,Brou,cbrou8w@oaic.gov.au,29-10-2023,HIGH_SCHOOL_1TH_GRADE,9412708269
Marga,Tander,mtander8x@washingtonpost.com,10-11-2023,HIGH_SCHOOL_1TH_GRADE,5894660525
Nanon,Higbin,nhigbin8y@google.cn,22-07-2023,HIGH_SCHOOL_1TH_GRADE,1369189831
Mellisent,Grzegorecki,mgrzegorecki8z@deviantart.com,25-11-2021,HIGH_SCHOOL_1TH_GRADE,3524893258
Gareth,Gater,ggater90@com.com,08-11-2023,HIGH_SCHOOL_1TH_GRADE,5384486918
Yardley,Paulucci,ypaulucci91@spotify.com,01-11-2021,HIGH_SCHOOL_1TH_GRADE,5722212104
Joellen,Corter,jcorter92@linkedin.com,09-05-2022,HIGH_SCHOOL_1TH_GRADE,1004397453
Barrie,Aprahamian,baprahamian93@gov.uk,13-03-2023,HIGH_SCHOOL_1TH_GRADE,9752499598
Alexandra,Rossander,arossander94@tamu.edu,27-06-2022,HIGH_SCHOOL_1TH_GRADE,7972493278
Karina,Pimblott,kpimblott95@nytimes.com,04-09-2022,HIGH_SCHOOL_1TH_GRADE,4296783481
Sigismondo,Menpes,smenpes96@spiegel.de,14-10-2023,HIGH_SCHOOL_1TH_GRADE,6608795289
Huey,Richen,hrichen97@bluehost.com,15-12-2022,HIGH_SCHOOL_1TH_GRADE,8351684541
Anthe,Martell,amartell98@kickstarter.com,10-06-2022,HIGH_SCHOOL_1TH_GRADE,8929263561
Cori,Bradman,cbradman99@cdbaby.com,11-08-2021,HIGH_SCHOOL_1TH_GRADE,9204120109
Prent,Jacquemy,pjacquemy9a@weather.com,25-01-2022,HIGH_SCHOOL_1TH_GRADE,8721621904
Nadean,Portugal,nportugal9b@cocolog-nifty.com,15-06-2022,HIGH_SCHOOL_1TH_GRADE,6385140194
Ardyce,Crowder,acrowder9c@vinaora.com,17-01-2023,HIGH_SCHOOL_1TH_GRADE,3372409491
Parker,Fursland,pfursland9d@geocities.jp,23-08-2021,HIGH_SCHOOL_1TH_GRADE,2514929635
Ignacio,Persent,ipersent9e@ed.gov,29-03-2022,HIGH_SCHOOL_1TH_GRADE,2676191079
Elenore,Hamments,ehamments9f@twitpic.com,02-06-2022,HIGH_SCHOOL_1TH_GRADE,8274107968
Wynn,Wragge,wwragge9g@hugedomains.com,25-04-2022,HIGH_SCHOOL_1TH_GRADE,9125140132
Max,Deem,mdeem9h@gov.uk,16-01-2022,HIGH_SCHOOL_1TH_GRADE,7572308245
Lolita,Swaile,lswaile9i@jalbum.net,03-12-2022,HIGH_SCHOOL_1TH_GRADE,9831308097
Banky,Silverston,bsilverston9j@si.edu,04-09-2023,HIGH_SCHOOL_1TH_GRADE,3951865785
Michele,Falkous,mfalkous9k@microsoft.com,06-01-2023,HIGH_SCHOOL_1TH_GRADE,4317680275
Nancey,Hanmer,nhanmer9l@zdnet.com,26-05-2022,HIGH_SCHOOL_1TH_GRADE,9672491228
Averill,Blaycock,ablaycock9m@ow.ly,05-10-2023,HIGH_SCHOOL_1TH_GRADE,7487984478
Nessi,Fulger,nfulger9n@instagram.com,20-05-2023,HIGH_SCHOOL_1TH_GRADE,1274929602
Ursola,Drinkall,udrinkall9o@i2i.jp,14-06-2022,HIGH_SCHOOL_1TH_GRADE,5319387943
Ingeberg,Date,idate9p@wufoo.com,07-07-2022,HIGH_SCHOOL_1TH_GRADE,6181011313
Dwain,Monk,dmonk9q@reverbnation.com,12-03-2022,HIGH_SCHOOL_1TH_GRADE,9508849950
Cyndi,Waber,cwaber9r@woothemes.com,25-04-2023,HIGH_SCHOOL_1TH_GRADE,6814708400
Anastasie,Dutton,adutton9s@ucla.edu,15-05-2022,HIGH_SCHOOL_1TH_GRADE,7673593095
Vernen,Vedyasov,vvedyasov9t@netscape.com,24-01-2022,HIGH_SCHOOL_1TH_GRADE,6498826520
Merrily,Iwanowicz,miwanowicz9u@geocities.com,17-05-2023,HIGH_SCHOOL_1TH_GRADE,6445518692
Anthea,Cyster,acyster9v@so-net.ne.jp,09-04-2023,HIGH_SCHOOL_1TH_GRADE,6475781493
Emmett,Borthram,eborthram9w@eventbrite.com,29-11-2021,HIGH_SCHOOL_1TH_GRADE,7273764884
Selle,Lemary,slemary9x@adobe.com,15-03-2022,HIGH_SCHOOL_1TH_GRADE,5282568349
Fayette,Cattell,fcattell9y@yahoo.co.jp,14-11-2021,HIGH_SCHOOL_1TH_GRADE,5567085451
Salome,Lermouth,slermouth9z@rediff.com,21-07-2023,HIGH_SCHOOL_1TH_GRADE,4222485971
Kliment,Waistell,kwaistella0@delicious.com,26-09-2021,HIGH_SCHOOL_1TH_GRADE,4791696755
Bernie,Ceeley,bceeleya1@statcounter.com,16-09-2023,HIGH_SCHOOL_1TH_GRADE,4095281150
Nariko,Alesin,nalesina2@xinhuanet.com,21-04-2023,HIGH_SCHOOL_1TH_GRADE,5011372996
Zoe,Briant,zbrianta3@cbsnews.com,08-04-2023,HIGH_SCHOOL_1TH_GRADE,7725637634
Kristin,Ilewicz,kilewicza4@paypal.com,08-07-2022,HIGH_SCHOOL_1TH_GRADE,6597976809
Gabey,Giscken,ggisckena5@hibu.com,03-07-2022,HIGH_SCHOOL_1TH_GRADE,9688181328
Sandy,Pepperill,spepperilla6@marketwatch.com,29-07-2021,HIGH_SCHOOL_1TH_GRADE,4096880893
Harper,Argent,hargenta7@hexun.com,23-07-2021,HIGH_SCHOOL_1TH_GRADE,9386723243
Melisande,McBratney,mmcbratneya8@vimeo.com,19-01-2023,HIGH_SCHOOL_1TH_GRADE,7259360517
Gabbey,Ackerley,gackerleya9@sina.com.cn,12-04-2023,HIGH_SCHOOL_1TH_GRADE,1161505106
Horace,Donaway,hdonawayaa@google.com.br,15-07-2021,HIGH_SCHOOL_1TH_GRADE,6873533896
Gates,Pimmocke,gpimmockeab@aol.com,29-12-2022,HIGH_SCHOOL_1TH_GRADE,6446602308
Ailyn,Jallin,ajallinac@answers.com,02-10-2022,HIGH_SCHOOL_1TH_GRADE,6564046436
Stevie,Giraudoux,sgiraudouxad@state.gov,13-07-2022,HIGH_SCHOOL_1TH_GRADE,4173552966
Derrek,Frail,dfrailae@psu.edu,02-12-2021,HIGH_SCHOOL_1TH_GRADE,8797834038
Milena,Ickovic,mickovicaf@guardian.co.uk,27-07-2023,HIGH_SCHOOL_1TH_GRADE,1093080322
Jan,Jamot,jjamotag@admin.ch,25-08-2023,HIGH_SCHOOL_1TH_GRADE,5579315449
Sutton,Weymouth,sweymouthah@loc.gov,10-07-2022,HIGH_SCHOOL_1TH_GRADE,9299769725
L;urette,Pinke,lpinkeai@blogtalkradio.com,16-08-2021,HIGH_SCHOOL_1TH_GRADE,1022530313
Annie,Dodson,adodsonaj@devhub.com,27-01-2022,HIGH_SCHOOL_1TH_GRADE,9119702337
Sheffy,Vesque,svesqueak@yelp.com,03-10-2023,HIGH_SCHOOL_1TH_GRADE,2142886506
Katerina,Birwhistle,kbirwhistleal@mlb.com,24-11-2021,HIGH_SCHOOL_1TH_GRADE,5387557981
Jay,Smithend,jsmithendam@senate.gov,31-08-2022,HIGH_SCHOOL_1TH_GRADE,2087406872
Trescha,Oaker,toakeran@comcast.net,15-10-2021,HIGH_SCHOOL_1TH_GRADE,6187621755
Roldan,Priestner,rpriestnerao@sourceforge.net,14-09-2021,HIGH_SCHOOL_1TH_GRADE,3991455444
Marnia,Beevor,mbeevorap@nba.com,11-04-2022,HIGH_SCHOOL_1TH_GRADE,4434225604
Kimball,Chsteney,kchsteneyaq@pcworld.com,02-07-2022,HIGH_SCHOOL_1TH_GRADE,8909699885
Bing,Niaves,bniavesar@bloomberg.com,27-02-2022,HIGH_SCHOOL_1TH_GRADE,7936970636
Connor,Van Halen,cvanhalenas@dedecms.com,11-09-2023,HIGH_SCHOOL_1TH_GRADE,5604392461
Sandi,Lavrick,slavrickat@diigo.com,29-01-2023,HIGH_SCHOOL_1TH_GRADE,1591187621
Florenza,Grishukov,fgrishukovau@eepurl.com,21-05-2022,HIGH_SCHOOL_1TH_GRADE,4913722825
Elianore,Brimelow,ebrimelowav@shareasale.com,19-07-2021,HIGH_SCHOOL_1TH_GRADE,4806360599
Claiborn,Osichev,cosichevaw@mediafire.com,03-06-2023,HIGH_SCHOOL_1TH_GRADE,9044745678
Aidan,McQuorkell,amcquorkellax@stanford.edu,28-07-2021,HIGH_SCHOOL_1TH_GRADE,7134674286
Kurtis,Sherwill,ksherwillay@apache.org,19-07-2022,HIGH_SCHOOL_1TH_GRADE,9206142459
Felecia,Maltby,fmaltbyaz@cbc.ca,18-12-2022,HIGH_SCHOOL_1TH_GRADE,9149538884
Fransisco,Yuryaev,fyuryaevb0@is.gd,22-10-2021,HIGH_SCHOOL_1TH_GRADE,9989243375
Demetris,Keuning,dkeuningb1@lycos.com,03-12-2021,HIGH_SCHOOL_1TH_GRADE,3361509725
Justis,Albon,jalbonb2@cdc.gov,28-11-2022,HIGH_SCHOOL_1TH_GRADE,3259479397
Goldie,Dreossi,gdreossib3@tmall.com,27-09-2021,HIGH_SCHOOL_1TH_GRADE,8054856405
Mellie,Wimbridge,mwimbridgeb4@nbcnews.com,17-04-2022,HIGH_SCHOOL_1TH_GRADE,3221421307
Faina,Bowcher,fbowcherb5@php.net,16-04-2023,HIGH_SCHOOL_1TH_GRADE,3129343350
Barb,Deam,bdeamb6@etsy.com,13-07-2023,HIGH_SCHOOL_1TH_GRADE,9923164759
Leonanie,Manderson,lmandersonb7@ameblo.jp,24-10-2021,HIGH_SCHOOL_1TH_GRADE,7468885093
Araldo,Barnaclough,abarnacloughb8@nytimes.com,31-07-2021,HIGH_SCHOOL_1TH_GRADE,9036929821
Dodi,Oakenfield,doakenfieldb9@seesaa.net,11-03-2023,HIGH_SCHOOL_1TH_GRADE,2962143253
Stillman,Yankishin,syankishinba@un.org,23-10-2022,HIGH_SCHOOL_1TH_GRADE,3645343488
Marcus,Smeed,msmeedbb@mysql.com,01-02-2022,HIGH_SCHOOL_1TH_GRADE,9006647932
Dulcy,Decker,ddeckerbc@tumblr.com,26-09-2021,HIGH_SCHOOL_1TH_GRADE,2296953420
Jorey,Donnison,jdonnisonbd@stumbleupon.com,15-04-2023,HIGH_SCHOOL_1TH_GRADE,2104053693
Ivar,Kike,ikikebe@spotify.com,11-11-2023,HIGH_SCHOOL_1TH_GRADE,4228087686
Rafael,Pedroni,rpedronibf@wired.com,28-11-2022,HIGH_SCHOOL_1TH_GRADE,2981258577
Forrester,Kopje,fkopjebg@booking.com,09-02-2023,HIGH_SCHOOL_1TH_GRADE,1506464365
Susi,Pohl,spohlbh@twitter.com,05-12-2022,HIGH_SCHOOL_1TH_GRADE,5096191555
Camilla,Wattisham,cwattishambi@pbs.org,16-01-2022,HIGH_SCHOOL_1TH_GRADE,8312864862
Flynn,Cawdron,fcawdronbj@qq.com,29-10-2021,HIGH_SCHOOL_1TH_GRADE,5991975886
Gasper,Mettrick,gmettrickbk@rakuten.co.jp,14-03-2023,HIGH_SCHOOL_1TH_GRADE,6076240587
Joana,Caulkett,jcaulkettbl@4shared.com,01-06-2022,HIGH_SCHOOL_1TH_GRADE,8129777745
Lilyan,Brotherheed,lbrotherheedbm@engadget.com,11-10-2022,HIGH_SCHOOL_1TH_GRADE,7952160176
Ketty,Manueli,kmanuelibn@usa.gov,26-01-2023,HIGH_SCHOOL_1TH_GRADE,5824887998
Beatrice,Sprulls,bsprullsbo@cbc.ca,10-10-2021,HIGH_SCHOOL_1TH_GRADE,7119842391
Crista,Kieff,ckieffbp@va.gov,29-03-2022,HIGH_SCHOOL_1TH_GRADE,5152491153
Louis,MacAlister,lmacalisterbq@tumblr.com,21-11-2022,HIGH_SCHOOL_1TH_GRADE,8534622445
Myranda,Dayborne,mdaybornebr@issuu.com,14-03-2022,HIGH_SCHOOL_1TH_GRADE,5842296429
Hussein,Abell,habellbs@livejournal.com,13-08-2021,HIGH_SCHOOL_1TH_GRADE,2385882278
Elie,Faulkner,efaulknerbt@tumblr.com,25-02-2022,HIGH_SCHOOL_1TH_GRADE,5483264070
Karin,Reffe,kreffebu@bloglovin.com,12-04-2022,HIGH_SCHOOL_1TH_GRADE,1477483063
Gretel,Draye,gdrayebv@pcworld.com,22-07-2022,HIGH_SCHOOL_1TH_GRADE,5521368102
Karol,Deeny,kdeenybw@simplemachines.org,14-06-2022,HIGH_SCHOOL_1TH_GRADE,9855649910
Hildagard,Amberger,hambergerbx@weather.com,11-05-2023,HIGH_SCHOOL_1TH_GRADE,5639342390
Allianora,Alliband,aallibandby@blogger.com,14-09-2022,HIGH_SCHOOL_1TH_GRADE,1505761663
Maire,Forst,mforstbz@mozilla.org,04-03-2023,HIGH_SCHOOL_1TH_GRADE,1407190287
Rutledge,Dibson,rdibsonc0@sitemeter.com,28-10-2022,HIGH_SCHOOL_1TH_GRADE,2423835644
Dulciana,Bortolutti,dbortoluttic1@homestead.com,28-07-2021,HIGH_SCHOOL_1TH_GRADE,1493297708
Lizette,Roots,lrootsc2@guardian.co.uk,24-09-2021,HIGH_SCHOOL_1TH_GRADE,7388029649
Justinian,Fransemai,jfransemaic3@bing.com,12-10-2023,HIGH_SCHOOL_1TH_GRADE,8022858555
Kiri,Gregh,kgreghc4@flavors.me,27-12-2021,HIGH_SCHOOL_1TH_GRADE,6111656162
Letti,Hugill,lhugillc5@drupal.org,15-01-2023,HIGH_SCHOOL_1TH_GRADE,9853485839
Livvy,Geroldo,lgeroldoc6@accuweather.com,23-07-2021,HIGH_SCHOOL_1TH_GRADE,7025742082
Rodie,Etoile,retoilec7@patch.com,26-03-2022,HIGH_SCHOOL_1TH_GRADE,8171443039
Jeannine,Gosnay,jgosnayc8@nhs.uk,10-10-2022,HIGH_SCHOOL_1TH_GRADE,4384707161
Serene,Moulsdale,smoulsdalec9@rakuten.co.jp,31-08-2021,HIGH_SCHOOL_1TH_GRADE,9554661647
Kliment,Vanyushin,kvanyushinca@barnesandnoble.com,11-07-2023,HIGH_SCHOOL_1TH_GRADE,7276168752
Harv,Kristiansen,hkristiansencb@smh.com.au,12-04-2022,HIGH_SCHOOL_1TH_GRADE,4331090756
Daniela,Boone,dboonecc@sourceforge.net,09-11-2021,HIGH_SCHOOL_1TH_GRADE,4571212554
Hyacinthe,Brewins,hbrewinscd@goo.ne.jp,11-09-2023,HIGH_SCHOOL_1TH_GRADE,8359107128
Audy,Meadowcraft,ameadowcraftce@skype.com,14-09-2021,HIGH_SCHOOL_1TH_GRADE,5506256758
Arnie,MacTavish,amactavishcf@smh.com.au,14-09-2021,HIGH_SCHOOL_1TH_GRADE,7737518957
Leanna,Paylor,lpaylorcg@t.co,27-09-2021,HIGH_SCHOOL_1TH_GRADE,7785096856
Alina,Tapsfield,atapsfieldch@vkontakte.ru,24-07-2021,HIGH_SCHOOL_1TH_GRADE,3786207163
Nikita,Agiolfinger,nagiolfingerci@ucoz.com,05-08-2023,HIGH_SCHOOL_1TH_GRADE,1169870549
Bent,Moncaster,bmoncastercj@trellian.com,21-02-2022,HIGH_SCHOOL_1TH_GRADE,5821391140
Haydon,Bilbrooke,hbilbrookeck@unc.edu,31-03-2022,HIGH_SCHOOL_1TH_GRADE,2913445596
Granthem,Ratledge,gratledgecl@w3.org,11-04-2022,HIGH_SCHOOL_1TH_GRADE,9819338226
Had,Shadrach,hshadrachcm@imageshack.us,29-09-2021,HIGH_SCHOOL_1TH_GRADE,3733089761
Adriena,Yitshak,ayitshakcn@nymag.com,23-09-2023,HIGH_SCHOOL_1TH_GRADE,6839266306
Dru,Tuffell,dtuffellco@imageshack.us,09-01-2023,HIGH_SCHOOL_1TH_GRADE,4703970575
Clarie,Simonds,csimondscp@squarespace.com,05-08-2023,HIGH_SCHOOL_1TH_GRADE,3261002125
Correy,Ricciardo,cricciardocq@cdbaby.com,23-12-2022,HIGH_SCHOOL_1TH_GRADE,5056419882
Arty,Gierth,agierthcr@economist.com,07-11-2022,HIGH_SCHOOL_1TH_GRADE,7024095587
Madalena,Coldicott,mcoldicottcs@archive.org,04-09-2021,HIGH_SCHOOL_1TH_GRADE,1758346592
Merrielle,Gero,mgeroct@newsvine.com,17-04-2022,HIGH_SCHOOL_1TH_GRADE,3906706820
Theodosia,Stockney,tstockneycu@photobucket.com,01-11-2021,HIGH_SCHOOL_1TH_GRADE,1084670082
Bibby,Keeton,bkeetoncv@hostgator.com,13-01-2023,HIGH_SCHOOL_1TH_GRADE,7496548654
Jake,North,jnorthcw@deliciousdays.com,09-08-2021,HIGH_SCHOOL_1TH_GRADE,5175801459
Johnathan,Cooch,jcoochcx@princeton.edu,10-03-2023,HIGH_SCHOOL_1TH_GRADE,1306359617
Loria,Kollatsch,lkollatschcy@stumbleupon.com,05-12-2022,HIGH_SCHOOL_1TH_GRADE,7561287002
Danella,Origin,dorigincz@dailymotion.com,16-08-2023,HIGH_SCHOOL_1TH_GRADE,5334303958
Aurilia,Beckingham,abeckinghamd0@bloomberg.com,16-06-2023,HIGH_SCHOOL_1TH_GRADE,1518443759
Kaleena,Larking,klarkingd1@gmpg.org,01-01-2022,HIGH_SCHOOL_1TH_GRADE,2436872217
Ammamaria,Varvara,avarvarad2@nsw.gov.au,20-11-2023,HIGH_SCHOOL_1TH_GRADE,5368914339
Vivian,Bernardez,vbernardezd3@github.io,18-11-2022,HIGH_SCHOOL_1TH_GRADE,9097242595
Jeno,Hehnke,jhehnked4@cnn.com,24-08-2023,HIGH_SCHOOL_1TH_GRADE,3598604883
Horton,Netley,hnetleyd5@sakura.ne.jp,09-01-2022,HIGH_SCHOOL_1TH_GRADE,3514303986
Mariska,Rapier,mrapierd6@cisco.com,26-02-2022,HIGH_SCHOOL_1TH_GRADE,9392128278
Glad,Trivett,gtrivettd7@jiathis.com,10-05-2022,HIGH_SCHOOL_1TH_GRADE,9535872085
Wendie,Gummoe,wgummoed8@census.gov,01-04-2023,HIGH_SCHOOL_1TH_GRADE,1496656263
Goran,Haddinton,ghaddintond9@dropbox.com,04-02-2022,HIGH_SCHOOL_1TH_GRADE,4308717764
Basilius,McGlue,bmcglueda@baidu.com,21-03-2022,HIGH_SCHOOL_1TH_GRADE,3525223074
Hagen,Camus,hcamusdb@jigsy.com,24-09-2022,HIGH_SCHOOL_1TH_GRADE,1847306774
Petronia,Palley,ppalleydc@liveinternet.ru,22-08-2021,HIGH_SCHOOL_1TH_GRADE,6504956668
Claudia,Compfort,ccompfortdd@cloudflare.com,08-06-2022,HIGH_SCHOOL_1TH_GRADE,2102299698
Bert,Bevan,bbevande@spotify.com,05-10-2022,HIGH_SCHOOL_1TH_GRADE,5747508220
Pierrette,Fowells,pfowellsdf@huffingtonpost.com,14-01-2022,HIGH_SCHOOL_1TH_GRADE,1713738547
Felic,Parsand,fparsanddg@illinois.edu,01-04-2022,HIGH_SCHOOL_1TH_GRADE,2314772899
Lianne,O'Collopy,locollopydh@php.net,09-07-2023,HIGH_SCHOOL_1TH_GRADE,3477856717
Vern,Renouf,vrenoufdi@networksolutions.com,15-10-2021,HIGH_SCHOOL_1TH_GRADE,7567268309
Paloma,McQuin,pmcquindj@mapy.cz,27-08-2021,HIGH_SCHOOL_1TH_GRADE,9871960776
Abba,Garm,agarmdk@exblog.jp,13-02-2023,HIGH_SCHOOL_1TH_GRADE,9467504451
Aubine,Olford,aolforddl@seesaa.net,26-10-2022,HIGH_SCHOOL_1TH_GRADE,6306640934
Nickey,Holcroft,nholcroftdm@dmoz.org,02-04-2023,HIGH_SCHOOL_1TH_GRADE,7403062484
Kelsey,Lethem,klethemdn@discovery.com,06-10-2023,HIGH_SCHOOL_1TH_GRADE,8029357466
Livvy,Larrad,llarraddo@stanford.edu,12-10-2022,HIGH_SCHOOL_1TH_GRADE,7545214680
Holly-anne,Comazzo,hcomazzodp@noaa.gov,04-02-2023,HIGH_SCHOOL_1TH_GRADE,3757237675
Moina,Duguid,mduguiddq@freewebs.com,23-09-2022,HIGH_SCHOOL_1TH_GRADE,3503006840
Kelci,Giannassi,kgiannassidr@xing.com,26-06-2023,HIGH_SCHOOL_1TH_GRADE,2478253512
Heddie,Minihan,hminihands@deviantart.com,29-10-2023,HIGH_SCHOOL_1TH_GRADE,8353715609
Alys,Langrick,alangrickdt@wiley.com,30-11-2021,HIGH_SCHOOL_1TH_GRADE,2998755495
Madelle,Scrimgeour,mscrimgeourdu@biglobe.ne.jp,11-06-2022,HIGH_SCHOOL_1TH_GRADE,3642143313
Misty,Isack,misackdv@typepad.com,13-03-2023,HIGH_SCHOOL_1TH_GRADE,3449624311
Morgana,McAvaddy,mmcavaddydw@fotki.com,05-06-2022,HIGH_SCHOOL_1TH_GRADE,5282317607
Tull,Eberdt,teberdtdx@w3.org,29-06-2022,HIGH_SCHOOL_1TH_GRADE,4889493428
Deanna,Christene,dchristenedy@bing.com,12-12-2022,HIGH_SCHOOL_1TH_GRADE,9254973196
Talya,Blankley,tblankleydz@blogs.com,09-10-2022,HIGH_SCHOOL_1TH_GRADE,4945543800
Zondra,Eplett,zeplette0@51.la,10-02-2022,HIGH_SCHOOL_1TH_GRADE,2757127725
Luigi,Battin,lbattine1@facebook.com,30-07-2023,HIGH_SCHOOL_1TH_GRADE,4161404129
Adriana,Copnar,acopnare2@businessweek.com,18-11-2022,HIGH_SCHOOL_1TH_GRADE,3054161281
Ebonee,Eckels,eeckelse3@reference.com,02-10-2023,HIGH_SCHOOL_1TH_GRADE,6253008138
Robin,Trippitt,rtrippitte4@de.vu,18-09-2023,HIGH_SCHOOL_1TH_GRADE,3716202035
Sibilla,Kyne,skynee5@123-reg.co.uk,25-08-2022,HIGH_SCHOOL_1TH_GRADE,4981568310
Sibyl,Hulbert,shulberte6@unesco.org,14-05-2022,HIGH_SCHOOL_1TH_GRADE,5071039284
Zach,Priscott,zpriscotte7@shutterfly.com,07-05-2022,HIGH_SCHOOL_1TH_GRADE,5065307774
Ammamaria,Vandrill,avandrille8@google.ru,20-09-2021,HIGH_SCHOOL_1TH_GRADE,3401974786
Kaitlyn,Warlton,kwarltone9@tinyurl.com,14-02-2023,HIGH_SCHOOL_1TH_GRADE,7606355107
Aldon,Mathissen,amathissenea@pbs.org,28-02-2023,HIGH_SCHOOL_1TH_GRADE,3009503055
Leoline,Thorwarth,lthorwartheb@amazon.co.jp,13-04-2022,HIGH_SCHOOL_1TH_GRADE,2553394033
Adolf,Hillam,ahillamec@ft.com,14-07-2021,HIGH_SCHOOL_1TH_GRADE,5598616167
Evan,Bowery,eboweryed@google.ca,27-12-2022,HIGH_SCHOOL_1TH_GRADE,6899918731
Emmett,Sunderland,esunderlandee@google.com.au,11-12-2021,HIGH_SCHOOL_1TH_GRADE,2224097598
Claude,Lillistone,clillistoneef@cyberchimps.com,27-07-2022,HIGH_SCHOOL_1TH_GRADE,4988845339
Lowell,Wardrop,lwardropeg@bigcartel.com,02-05-2023,HIGH_SCHOOL_1TH_GRADE,1434663275
Olivero,Freed,ofreedeh@themeforest.net,13-10-2022,HIGH_SCHOOL_1TH_GRADE,5168299969
Sibylla,Wightman,swightmanei@sakura.ne.jp,22-09-2021,HIGH_SCHOOL_1TH_GRADE,1393780076
Natalee,Joist,njoistej@indiatimes.com,19-10-2022,HIGH_SCHOOL_1TH_GRADE,9911405321
Cordell,Goodley,cgoodleyek@typepad.com,02-11-2023,HIGH_SCHOOL_1TH_GRADE,7106019863
Lloyd,Bampkin,lbampkinel@spotify.com,22-05-2022,HIGH_SCHOOL_1TH_GRADE,7985229139
Mariette,Herculson,mherculsonem@eventbrite.com,27-09-2021,HIGH_SCHOOL_1TH_GRADE,7073050245
Fredia,Squelch,fsquelchen@livejournal.com,02-10-2022,HIGH_SCHOOL_1TH_GRADE,6553337116
Tiff,Boag,tboageo@barnesandnoble.com,02-02-2022,HIGH_SCHOOL_1TH_GRADE,6285577385
Lexine,Beggin,lbegginep@irs.gov,26-11-2021,HIGH_SCHOOL_1TH_GRADE,6856673735
Ronnica,Scholler,rschollereq@hugedomains.com,22-08-2022,HIGH_SCHOOL_1TH_GRADE,2744179167
Bartram,Nattriss,bnattrisser@dedecms.com,04-03-2022,HIGH_SCHOOL_1TH_GRADE,1013044195
Freda,Brazer,fbrazeres@ning.com,19-08-2023,HIGH_SCHOOL_1TH_GRADE,9082389690
Floris,Birkwood,fbirkwoodet@smh.com.au,16-06-2023,HIGH_SCHOOL_1TH_GRADE,2424642258
Brittaney,Southcoat,bsouthcoateu@yahoo.com,01-09-2023,HIGH_SCHOOL_1TH_GRADE,5473296025
Thia,Barbary,tbarbaryev@freewebs.com,07-08-2021,HIGH_SCHOOL_1TH_GRADE,5999708886
Jeri,Olrenshaw,jolrenshawew@wikipedia.org,23-12-2022,HIGH_SCHOOL_1TH_GRADE,8817969983
Alessandro,Hammarberg,ahammarbergex@bbc.co.uk,04-08-2021,HIGH_SCHOOL_1TH_GRADE,4017525617
Cullin,McKillop,cmckillopey@mtv.com,06-06-2022,HIGH_SCHOOL_1TH_GRADE,7002759570
Jarrid,Dohr,jdohrez@cloudflare.com,01-10-2021,HIGH_SCHOOL_1TH_GRADE,7111705417
Chevalier,Stelli,cstellif0@engadget.com,27-09-2021,HIGH_SCHOOL_1TH_GRADE,9243938022
Adan,Goble,agoblef1@unc.edu,20-07-2023,HIGH_SCHOOL_1TH_GRADE,9609752305
Jeannie,Pacht,jpachtf2@whitehouse.gov,19-05-2022,HIGH_SCHOOL_1TH_GRADE,6194391859
Julian,Witnall,jwitnallf3@about.me,04-02-2022,HIGH_SCHOOL_1TH_GRADE,4686492830
Erastus,Thurber,ethurberf4@bandcamp.com,12-07-2023,HIGH_SCHOOL_1TH_GRADE,2801841598
Garnette,Sikora,gsikoraf5@t.co,04-08-2023,HIGH_SCHOOL_1TH_GRADE,2397177162
Sharla,Thomerson,sthomersonf6@kickstarter.com,07-05-2023,HIGH_SCHOOL_1TH_GRADE,7536202135
Anissa,Filshin,afilshinf7@weather.com,10-05-2023,HIGH_SCHOOL_1TH_GRADE,2608383379
Art,Collington,acollingtonf8@businesswire.com,03-04-2022,HIGH_SCHOOL_1TH_GRADE,5741661791
Abby,Lissandrini,alissandrinif9@guardian.co.uk,24-11-2021,HIGH_SCHOOL_1TH_GRADE,1848422043
Ivy,Duprey,idupreyfa@independent.co.uk,16-05-2023,HIGH_SCHOOL_1TH_GRADE,5776988740
Ryley,Lambrecht,rlambrechtfb@networksolutions.com,26-03-2023,HIGH_SCHOOL_1TH_GRADE,8698122748
Conan,Keysel,ckeyselfc@skyrock.com,15-10-2021,HIGH_SCHOOL_1TH_GRADE,6477172349
Kacey,Povey,kpoveyfd@addtoany.com,05-06-2023,HIGH_SCHOOL_1TH_GRADE,6565888975
Melinda,Stackbridge,mstackbridgefe@nasa.gov,14-07-2022,HIGH_SCHOOL_1TH_GRADE,3705145950
Moritz,Thurnham,mthurnhamff@msn.com,24-11-2021,HIGH_SCHOOL_1TH_GRADE,8576218532
Linc,Reimer,lreimerfg@state.tx.us,28-02-2023,HIGH_SCHOOL_1TH_GRADE,4294854089
Delores,Harvatt,dharvattfh@joomla.org,08-11-2022,HIGH_SCHOOL_1TH_GRADE,5916670707
Rodi,Roach,rroachfi@sohu.com,01-07-2023,HIGH_SCHOOL_1TH_GRADE,8636533476
Preston,Neljes,pneljesfj@prnewswire.com,23-10-2023,HIGH_SCHOOL_1TH_GRADE,1881474051
Reggi,Tregoning,rtregoningfk@canalblog.com,05-02-2023,HIGH_SCHOOL_1TH_GRADE,5821840197
Muffin,Champneys,mchampneysfl@forbes.com,01-01-2022,HIGH_SCHOOL_1TH_GRADE,2366664306
Konrad,Cantero,kcanterofm@yolasite.com,23-07-2023,HIGH_SCHOOL_1TH_GRADE,9442291087
Edward,Hatwells,ehatwellsfn@themeforest.net,18-09-2022,HIGH_SCHOOL_1TH_GRADE,8515669553
Aubrey,Irvine,airvinefo@webmd.com,24-06-2022,HIGH_SCHOOL_1TH_GRADE,6474887951
Tracey,Tulleth,ttullethfp@hibu.com,05-07-2023,HIGH_SCHOOL_1TH_GRADE,9079900212
Seward,Samper,ssamperfq@jugem.jp,21-10-2023,HIGH_SCHOOL_1TH_GRADE,9486434285
Viola,Beurich,vbeurichfr@dion.ne.jp,21-10-2023,HIGH_SCHOOL_1TH_GRADE,1922137365
Katlin,Baxendale,kbaxendalefs@hhs.gov,21-03-2023,HIGH_SCHOOL_1TH_GRADE,8542669674
Shandra,Shotboulte,sshotboulteft@google.com,16-12-2022,HIGH_SCHOOL_1TH_GRADE,6791614911
Perice,Robinson,probinsonfu@booking.com,16-10-2023,HIGH_SCHOOL_1TH_GRADE,2621456966
Angil,Rivelon,arivelonfv@yahoo.com,17-01-2023,HIGH_SCHOOL_1TH_GRADE,2432085592
Shaughn,Seery,sseeryfw@php.net,17-06-2022,HIGH_SCHOOL_1TH_GRADE,6019322966
Drugi,Gaukroger,dgaukrogerfx@google.co.uk,13-02-2022,HIGH_SCHOOL_1TH_GRADE,6713771128
Gunilla,Viel,gvielfy@bloglovin.com,27-08-2022,HIGH_SCHOOL_1TH_GRADE,4733344616
Lammond,Wreight,lwreightfz@engadget.com,17-01-2022,HIGH_SCHOOL_1TH_GRADE,9253454743
Nalani,Le Pruvost,nlepruvostg0@tinyurl.com,19-06-2023,HIGH_SCHOOL_1TH_GRADE,3986228404
Jayme,Horribine,jhorribineg1@discovery.com,12-10-2023,HIGH_SCHOOL_1TH_GRADE,6188822027
Barbara-anne,Pandey,bpandeyg2@sciencedirect.com,08-11-2023,HIGH_SCHOOL_1TH_GRADE,3117031429
Gusti,Staten,gstateng3@scientificamerican.com,27-09-2021,HIGH_SCHOOL_1TH_GRADE,5469893806
Otis,Fasham,ofashamg4@zdnet.com,07-06-2023,HIGH_SCHOOL_1TH_GRADE,1468184819
Shellie,Thomel,sthomelg5@myspace.com,27-08-2023,HIGH_SCHOOL_1TH_GRADE,6334159703
Emelia,Angear,eangearg6@economist.com,15-05-2022,HIGH_SCHOOL_1TH_GRADE,3637984778
Lula,Esser,lesserg7@arizona.edu,28-02-2023,HIGH_SCHOOL_1TH_GRADE,4708764774
Tisha,Spurrett,tspurrettg8@shareasale.com,04-10-2023,HIGH_SCHOOL_1TH_GRADE,3197506334
Rogerio,Thick,rthickg9@adobe.com,28-09-2023,HIGH_SCHOOL_1TH_GRADE,6962586797
Brooks,Dulake,bdulakega@illinois.edu,10-09-2023,HIGH_SCHOOL_1TH_GRADE,5855482242
Anni,Tapply,atapplygb@bbc.co.uk,14-09-2023,HIGH_SCHOOL_1TH_GRADE,6289513911
Georgianna,Gilardone,ggilardonegc@state.gov,13-09-2022,HIGH_SCHOOL_1TH_GRADE,7546328562
Pietra,Southey,psoutheygd@sourceforge.net,11-02-2022,HIGH_SCHOOL_1TH_GRADE,6669471369
Karen,Klemps,kklempsge@scientificamerican.com,18-10-2021,HIGH_SCHOOL_1TH_GRADE,5183186765
Dav,Gillow,dgillowgf@people.com.cn,02-10-2021,HIGH_SCHOOL_1TH_GRADE,5497614441
Cornell,Petken,cpetkengg@bbb.org,14-09-2022,HIGH_SCHOOL_1TH_GRADE,7991692283
Ephrem,Willmot,ewillmotgh@howstuffworks.com,15-02-2023,HIGH_SCHOOL_1TH_GRADE,6786947118
Christoph,Roll,crollgi@cdc.gov,07-03-2023,HIGH_SCHOOL_1TH_GRADE,3702824725
Stacee,Ilyasov,silyasovgj@statcounter.com,27-07-2023,HIGH_SCHOOL_1TH_GRADE,5821629433
Eleanora,Connop,econnopgk@answers.com,12-04-2022,HIGH_SCHOOL_1TH_GRADE,1358325434
Rozele,Labadini,rlabadinigl@illinois.edu,02-02-2023,HIGH_SCHOOL_1TH_GRADE,8648429680
Michal,Floweth,mflowethgm@cafepress.com,23-09-2022,HIGH_SCHOOL_1TH_GRADE,9212277998
Augustine,O'Howbane,aohowbanegn@oracle.com,16-09-2021,HIGH_SCHOOL_1TH_GRADE,3181733935
Linnet,Cyples,lcyplesgo@senate.gov,18-04-2023,HIGH_SCHOOL_1TH_GRADE,8568129739
Dionne,Mordie,dmordiegp@google.es,09-09-2021,HIGH_SCHOOL_1TH_GRADE,4844081807
Sutton,Kirrage,skirragegq@paginegialle.it,24-05-2022,HIGH_SCHOOL_1TH_GRADE,5387137650
Berthe,Leates,bleatesgr@usatoday.com,12-07-2021,HIGH_SCHOOL_1TH_GRADE,1717263695
Ophelie,Kemston,okemstongs@about.com,15-08-2021,HIGH_SCHOOL_1TH_GRADE,7828736341
Mary,Carass,mcarassgt@smh.com.au,29-12-2021,HIGH_SCHOOL_1TH_GRADE,1972612286
Merna,Moth,mmothgu@homestead.com,09-07-2023,HIGH_SCHOOL_1TH_GRADE,6493865643
Gabrila,Noads,gnoadsgv@cdc.gov,21-11-2021,HIGH_SCHOOL_1TH_GRADE,7295905612
Moll,Long,mlonggw@ca.gov,13-04-2022,HIGH_SCHOOL_1TH_GRADE,6511586027
Eward,Szymczyk,eszymczykgx@nifty.com,29-09-2021,HIGH_SCHOOL_1TH_GRADE,6215436113
Riane,Eiler,reilergy@purevolume.com,03-12-2021,HIGH_SCHOOL_1TH_GRADE,6507887661
Corey,Craigie,ccraigiegz@opera.com,27-03-2022,HIGH_SCHOOL_1TH_GRADE,4786006260
Elinor,Winkworth,ewinkworthh0@businesswire.com,07-09-2023,HIGH_SCHOOL_1TH_GRADE,5415903679
Fletch,Allum,fallumh1@earthlink.net,14-04-2023,HIGH_SCHOOL_1TH_GRADE,2722618846
Cass,Tingcomb,ctingcombh2@altervista.org,01-07-2023,HIGH_SCHOOL_1TH_GRADE,5264280662
Melisandra,Agnolo,magnoloh3@canalblog.com,05-05-2022,HIGH_SCHOOL_1TH_GRADE,7143229197
Muhammad,Broomhead,mbroomheadh4@altervista.org,09-04-2022,HIGH_SCHOOL_1TH_GRADE,4313683421
Kelvin,Kasperski,kkasperskih5@devhub.com,08-10-2021,HIGH_SCHOOL_1TH_GRADE,7193690619
Daren,Bigham,dbighamh6@mediafire.com,06-01-2023,HIGH_SCHOOL_1TH_GRADE,5001034498
Reggis,Hrachovec,rhrachovech7@barnesandnoble.com,12-05-2023,HIGH_SCHOOL_1TH_GRADE,2493836179
Zena,Fanshaw,zfanshawh8@census.gov,04-08-2023,HIGH_SCHOOL_1TH_GRADE,6193943840
Idaline,Terron,iterronh9@addtoany.com,04-01-2023,HIGH_SCHOOL_1TH_GRADE,7403537499
Rusty,Justice,rjusticeha@ucoz.ru,09-09-2023,HIGH_SCHOOL_1TH_GRADE,8066902801
Zorine,Mence,zmencehb@blogspot.com,19-10-2022,HIGH_SCHOOL_1TH_GRADE,4314668590
Carry,Bison,cbisonhc@liveinternet.ru,02-01-2023,HIGH_SCHOOL_1TH_GRADE,4561748020
Laurens,Sircombe,lsircombehd@shareasale.com,21-11-2022,HIGH_SCHOOL_1TH_GRADE,6472312577
Odille,Eefting,oeeftinghe@unesco.org,19-12-2022,HIGH_SCHOOL_1TH_GRADE,7218258061
Jonell,Hotchkin,jhotchkinhf@weibo.com,21-10-2021,HIGH_SCHOOL_1TH_GRADE,1142108745
Jeane,Trippick,jtrippickhg@google.es,10-04-2023,HIGH_SCHOOL_1TH_GRADE,5503412485
Griffy,Tainton,gtaintonhh@gizmodo.com,26-11-2021,HIGH_SCHOOL_1TH_GRADE,4855697496
Michaeline,Tufts,mtuftshi@cdbaby.com,25-10-2023,HIGH_SCHOOL_1TH_GRADE,7249416855
Orsola,Ruthen,oruthenhj@vinaora.com,07-01-2022,HIGH_SCHOOL_1TH_GRADE,3564028015
Nicolina,Sleath,nsleathhk@virginia.edu,04-11-2022,HIGH_SCHOOL_1TH_GRADE,8218426811
Donall,Verbeke,dverbekehl@plala.or.jp,09-09-2023,HIGH_SCHOOL_1TH_GRADE,3817741934
Wells,Fermer,wfermerhm@netlog.com,14-05-2022,HIGH_SCHOOL_1TH_GRADE,2618805244
Annie,Tench,atenchhn@jigsy.com,05-07-2023,HIGH_SCHOOL_1TH_GRADE,3992070991
Marlyn,Troke,mtrokeho@fda.gov,29-05-2022,HIGH_SCHOOL_1TH_GRADE,2299066558
Kenon,Shakespear,kshakespearhp@bloomberg.com,09-10-2022,HIGH_SCHOOL_1TH_GRADE,4189276639
Abigale,Middlemass,amiddlemasshq@va.gov,21-11-2021,HIGH_SCHOOL_1TH_GRADE,2163811881
Paula,Dinsell,pdinsellhr@zdnet.com,16-08-2021,HIGH_SCHOOL_1TH_GRADE,2082608353
Arne,Towlson,atowlsonhs@dailymotion.com,12-01-2023,HIGH_SCHOOL_1TH_GRADE,2254587941
Mata,Scadding,mscaddinght@miibeian.gov.cn,20-07-2023,HIGH_SCHOOL_1TH_GRADE,8684459962
Adolphe,Croote,acrootehu@stanford.edu,27-10-2022,HIGH_SCHOOL_1TH_GRADE,4966336401
Lynette,Donhardt,ldonhardthv@goodreads.com,23-04-2022,HIGH_SCHOOL_1TH_GRADE,3449141748
Ansell,Tilio,atiliohw@youku.com,17-12-2021,HIGH_SCHOOL_1TH_GRADE,5355638677
Norman,Bampfield,nbampfieldhx@wufoo.com,08-12-2021,HIGH_SCHOOL_1TH_GRADE,3179665100
Gwen,Jencken,gjenckenhy@ameblo.jp,31-07-2023,HIGH_SCHOOL_1TH_GRADE,9288376260
Murdock,Gibbins,mgibbinshz@theguardian.com,10-02-2023,HIGH_SCHOOL_1TH_GRADE,2302308248
Carilyn,Brabyn,cbrabyni0@imdb.com,22-12-2022,HIGH_SCHOOL_1TH_GRADE,5588751481
Janeta,Friatt,jfriatti1@netvibes.com,07-09-2021,HIGH_SCHOOL_1TH_GRADE,7865463472
Tracie,Storrs,tstorrsi2@sciencedirect.com,19-11-2023,HIGH_SCHOOL_1TH_GRADE,7269194981
Marget,Cariss,mcarissi3@vk.com,30-06-2023,HIGH_SCHOOL_1TH_GRADE,2304586535
Teodor,Pott,tpotti4@hatena.ne.jp,24-08-2022,HIGH_SCHOOL_1TH_GRADE,8612132694
Valaree,Bahlmann,vbahlmanni5@columbia.edu,10-07-2022,HIGH_SCHOOL_1TH_GRADE,1923192194
Sheba,MacAllister,smacallisteri6@google.com,18-08-2021,HIGH_SCHOOL_1TH_GRADE,8242426520
Hayes,Czaple,hczaplei7@narod.ru,12-09-2023,HIGH_SCHOOL_1TH_GRADE,9798676308
Emmye,Hagyard,ehagyardi8@nytimes.com,16-11-2022,HIGH_SCHOOL_1TH_GRADE,4714624509
Mahala,Anthonsen,manthonseni9@archive.org,07-01-2022,HIGH_SCHOOL_1TH_GRADE,9868511799
Melvin,Baukham,mbaukhamia@hugedomains.com,01-04-2023,HIGH_SCHOOL_1TH_GRADE,8254399437
Fraser,Prujean,fprujeanib@youtu.be,23-12-2022,HIGH_SCHOOL_1TH_GRADE,3199027304
Salomon,Curthoys,scurthoysic@woothemes.com,10-05-2022,HIGH_SCHOOL_1TH_GRADE,2335858798
Cherianne,Heal,chealid@ocn.ne.jp,06-07-2022,HIGH_SCHOOL_1TH_GRADE,7221412307
Reagan,Strauss,rstraussie@com.com,12-03-2023,HIGH_SCHOOL_1TH_GRADE,5838969807
Karleen,Spawforth,kspawforthif@hc360.com,20-09-2021,HIGH_SCHOOL_1TH_GRADE,9309370255
Kalvin,Veld,kveldig@miitbeian.gov.cn,08-10-2022,HIGH_SCHOOL_1TH_GRADE,5397074512
Cleo,Dumbellow,cdumbellowih@wikipedia.org,25-09-2022,HIGH_SCHOOL_1TH_GRADE,6072309284
Blondie,Thormann,bthormannii@sogou.com,23-05-2023,HIGH_SCHOOL_1TH_GRADE,4672814207
Dulsea,Faulder,dfaulderij@blogger.com,21-08-2023,HIGH_SCHOOL_1TH_GRADE,2424959337
Gwyneth,McGarvey,gmcgarveyik@columbia.edu,21-07-2022,HIGH_SCHOOL_1TH_GRADE,9197579138
Carmen,Bradnocke,cbradnockeil@joomla.org,02-03-2022,HIGH_SCHOOL_1TH_GRADE,6736773120
Yul,Plumley,yplumleyim@theatlantic.com,21-04-2023,HIGH_SCHOOL_1TH_GRADE,6025218299
Dory,Kline,dklinein@ihg.com,10-11-2022,HIGH_SCHOOL_1TH_GRADE,5495908349
Huey,Gotling,hgotlingio@psu.edu,16-07-2023,HIGH_SCHOOL_1TH_GRADE,2259937031
Loria,Hankey,lhankeyip@comcast.net,18-11-2021,HIGH_SCHOOL_1TH_GRADE,3612346910
Harley,Jobbing,hjobbingiq@purevolume.com,06-12-2022,HIGH_SCHOOL_1TH_GRADE,8761068607
Leicester,Jumonet,ljumonetir@cpanel.net,24-04-2022,HIGH_SCHOOL_1TH_GRADE,8804785826
Korry,Glasman,kglasmanis@stanford.edu,03-08-2021,HIGH_SCHOOL_1TH_GRADE,9897568304
Neysa,Finding,nfindingit@dailymail.co.uk,26-05-2022,HIGH_SCHOOL_1TH_GRADE,1872985737
Nariko,Woodroof,nwoodroofiu@apple.com,07-05-2022,HIGH_SCHOOL_1TH_GRADE,7205021093
Gery,Pierse,gpierseiv@virginia.edu,06-10-2021,HIGH_SCHOOL_1TH_GRADE,8474203195
Charlton,Housbie,chousbieiw@cyberchimps.com,03-12-2022,HIGH_SCHOOL_1TH_GRADE,2887412083
Benson,O'Clery,bocleryix@gizmodo.com,22-02-2023,HIGH_SCHOOL_1TH_GRADE,4935044062
Lise,Gidney,lgidneyiy@epa.gov,28-11-2022,HIGH_SCHOOL_1TH_GRADE,2821150724
Kit,Adiscot,kadiscotiz@free.fr,09-10-2023,HIGH_SCHOOL_1TH_GRADE,2684379989
Arly,Radden,araddenj0@illinois.edu,04-09-2022,HIGH_SCHOOL_1TH_GRADE,7029488462
Giordano,Schneider,gschneiderj1@huffingtonpost.com,31-10-2023,HIGH_SCHOOL_1TH_GRADE,8433083800
Malorie,Learoid,mlearoidj2@paginegialle.it,01-08-2023,HIGH_SCHOOL_1TH_GRADE,7086758851
Abagael,Robotham,arobothamj3@moonfruit.com,16-02-2023,HIGH_SCHOOL_1TH_GRADE,6871544459
Philis,Michin,pmichinj4@live.com,06-07-2022,HIGH_SCHOOL_1TH_GRADE,3512776231
Daile,MacAlees,dmacaleesj5@abc.net.au,12-08-2022,HIGH_SCHOOL_1TH_GRADE,5622791309
Suzie,Nuss,snussj6@theguardian.com,09-09-2023,HIGH_SCHOOL_1TH_GRADE,3703743425
Henrie,Salvatore,hsalvatorej7@time.com,29-04-2022,HIGH_SCHOOL_1TH_GRADE,2741907795
Tracy,Poletto,tpolettoj8@marketwatch.com,15-03-2023,HIGH_SCHOOL_1TH_GRADE,7957023236
Zackariah,Nijs,znijsj9@pen.io,19-11-2023,HIGH_SCHOOL_1TH_GRADE,5768745034
Gwenny,Hackley,ghackleyja@smh.com.au,02-09-2021,HIGH_SCHOOL_1TH_GRADE,4354016526
Nerte,Sawter,nsawterjb@washington.edu,19-12-2021,HIGH_SCHOOL_1TH_GRADE,4375266091
Rafa,Weekes,rweekesjc@themeforest.net,29-01-2022,HIGH_SCHOOL_1TH_GRADE,5039593926
Robyn,Brabon,rbrabonjd@wikimedia.org,30-01-2023,HIGH_SCHOOL_1TH_GRADE,5592407506
Gayla,Tallent,gtallentje@hatena.ne.jp,16-09-2021,HIGH_SCHOOL_1TH_GRADE,2085628290
Carrie,Fearnall,cfearnalljf@drupal.org,21-05-2022,HIGH_SCHOOL_1TH_GRADE,8222187382
Otto,Ledingham,oledinghamjg@ehow.com,11-07-2021,HIGH_SCHOOL_1TH_GRADE,2566388004
Gardiner,Le Fevre,glefevrejh@wordpress.org,09-09-2023,HIGH_SCHOOL_1TH_GRADE,3968679157
Orsa,Lago,olagoji@dot.gov,05-03-2023,HIGH_SCHOOL_1TH_GRADE,1699296888
Franky,Pierrepont,fpierrepontjj@noaa.gov,17-05-2022,HIGH_SCHOOL_1TH_GRADE,2594241881
Jourdan,Igoe,jigoejk@myspace.com,23-06-2022,HIGH_SCHOOL_1TH_GRADE,1847794291
Maggi,Murcott,mmurcottjl@alibaba.com,03-10-2022,HIGH_SCHOOL_1TH_GRADE,2136675217
Blondy,McCreary,bmccrearyjm@oakley.com,13-11-2022,HIGH_SCHOOL_1TH_GRADE,9139164034
Lori,Beneix,lbeneixjn@pagesperso-orange.fr,15-05-2023,HIGH_SCHOOL_1TH_GRADE,3949543912
Shalne,Burger,sburgerjo@yale.edu,07-01-2022,HIGH_SCHOOL_1TH_GRADE,5786062054
Jefferson,Furbank,jfurbankjp@i2i.jp,28-07-2021,HIGH_SCHOOL_1TH_GRADE,2134715348
Izabel,Tison,itisonjq@ucsd.edu,22-12-2022,HIGH_SCHOOL_1TH_GRADE,6994094159
Earle,Gurg,egurgjr@wikispaces.com,18-11-2023,HIGH_SCHOOL_1TH_GRADE,4747498866
Barnard,Cressar,bcressarjs@freewebs.com,21-01-2023,HIGH_SCHOOL_1TH_GRADE,3627328957
Zebulon,Francino,zfrancinojt@miibeian.gov.cn,21-11-2023,HIGH_SCHOOL_1TH_GRADE,3813351178
Rollin,Preddle,rpreddleju@sakura.ne.jp,04-08-2022,HIGH_SCHOOL_1TH_GRADE,9588564809
Tammy,Mynott,tmynottjv@over-blog.com,06-06-2023,HIGH_SCHOOL_1TH_GRADE,1407917286
Israel,O'Keefe,iokeefejw@wired.com,05-02-2022,HIGH_SCHOOL_1TH_GRADE,2411797019
Corty,Garrioch,cgarriochjx@europa.eu,11-02-2023,HIGH_SCHOOL_1TH_GRADE,7209313926
Kimberli,Giacomuzzi,kgiacomuzzijy@e-recht24.de,18-02-2023,HIGH_SCHOOL_1TH_GRADE,3343209592
Isis,Lotte,ilottejz@java.com,21-09-2023,HIGH_SCHOOL_1TH_GRADE,9813825774
Kyla,Devanny,kdevannyk0@bing.com,17-01-2022,HIGH_SCHOOL_1TH_GRADE,8596505104
Domenic,Gudgen,dgudgenk1@livejournal.com,07-12-2021,HIGH_SCHOOL_1TH_GRADE,6343631454
Karoline,Poker,kpokerk2@tuttocitta.it,25-02-2023,HIGH_SCHOOL_1TH_GRADE,3834112562
Denny,Edgeworth,dedgeworthk3@sohu.com,13-09-2023,HIGH_SCHOOL_1TH_GRADE,5724123398
Ethe,Francom,efrancomk4@toplist.cz,07-07-2022,HIGH_SCHOOL_1TH_GRADE,8861371686
Gertruda,Heinsen,gheinsenk5@issuu.com,05-04-2022,HIGH_SCHOOL_1TH_GRADE,2841253592
Rutherford,Grunwald,rgrunwaldk6@fotki.com,24-02-2022,HIGH_SCHOOL_1TH_GRADE,5277243334
Merrielle,Grimmett,mgrimmettk7@mapy.cz,19-04-2023,HIGH_SCHOOL_1TH_GRADE,2653094181
Jori,Arlott,jarlottk8@timesonline.co.uk,28-06-2022,HIGH_SCHOOL_1TH_GRADE,1233036500
Letta,Kruschov,lkruschovk9@fc2.com,28-01-2023,HIGH_SCHOOL_1TH_GRADE,6816582773
Jayme,Carrett,jcarrettka@xing.com,19-08-2022,HIGH_SCHOOL_1TH_GRADE,5954433496
Waly,Mulbery,wmulberykb@reddit.com,21-05-2022,HIGH_SCHOOL_1TH_GRADE,5133266830
Zollie,Chmarny,zchmarnykc@g.co,07-04-2022,HIGH_SCHOOL_1TH_GRADE,3496164555
Tabbitha,Gillie,tgilliekd@ihg.com,06-06-2023,HIGH_SCHOOL_1TH_GRADE,4315292688
Joyan,Fardo,jfardoke@eepurl.com,28-11-2021,HIGH_SCHOOL_1TH_GRADE,4041701829
Dulcy,Madge,dmadgekf@bigcartel.com,21-02-2023,HIGH_SCHOOL_1TH_GRADE,7903049364
Imojean,Duesbury,iduesburykg@trellian.com,24-07-2022,HIGH_SCHOOL_1TH_GRADE,3753738699
Tammara,Henstone,thenstonekh@spiegel.de,16-11-2021,HIGH_SCHOOL_1TH_GRADE,1472679379
Tobey,Emett,temettki@photobucket.com,13-09-2021,HIGH_SCHOOL_1TH_GRADE,3693442086
Barrett,McGowan,bmcgowankj@yahoo.co.jp,23-07-2022,HIGH_SCHOOL_1TH_GRADE,6489306566
Chrysa,Scallan,cscallankk@devhub.com,30-10-2021,HIGH_SCHOOL_1TH_GRADE,1004117014
Allan,Iacopo,aiacopokl@flavors.me,06-05-2022,HIGH_SCHOOL_1TH_GRADE,2434418889
Raychel,Adamski,radamskikm@free.fr,14-02-2023,HIGH_SCHOOL_1TH_GRADE,8006072481
Whitman,Fusedale,wfusedalekn@ocn.ne.jp,19-10-2022,HIGH_SCHOOL_1TH_GRADE,8655820617
Suki,Stairmond,sstairmondko@seattletimes.com,14-10-2022,HIGH_SCHOOL_1TH_GRADE,1279002756
Binnie,Forsard,bforsardkp@slate.com,23-07-2023,HIGH_SCHOOL_1TH_GRADE,5109603617
Raddy,Jellicorse,rjellicorsekq@uiuc.edu,11-08-2022,HIGH_SCHOOL_1TH_GRADE,4769056053
Elayne,Tweede,etweedekr@house.gov,10-01-2022,HIGH_SCHOOL_1TH_GRADE,2465297602
Blaire,Denis,bdenisks@admin.ch,19-09-2022,HIGH_SCHOOL_1TH_GRADE,4281494754
Maurizio,Robb,mrobbkt@prweb.com,23-05-2023,HIGH_SCHOOL_1TH_GRADE,2154390906
Becki,Corke,bcorkeku@harvard.edu,22-08-2021,HIGH_SCHOOL_1TH_GRADE,8903301888
Loella,Lickess,llickesskv@washingtonpost.com,13-06-2022,HIGH_SCHOOL_1TH_GRADE,3108054224
Thatcher,Pogosian,tpogosiankw@virginia.edu,25-05-2023,HIGH_SCHOOL_1TH_GRADE,8446403746
Rhona,Howlett,rhowlettkx@comsenz.com,21-12-2021,HIGH_SCHOOL_1TH_GRADE,7703886985
Sephira,Beningfield,sbeningfieldky@bing.com,08-08-2023,HIGH_SCHOOL_1TH_GRADE,7641834838
Keefe,Harvey,kharveykz@cloudflare.com,03-04-2023,HIGH_SCHOOL_1TH_GRADE,9047073060
Nelle,Haxbie,nhaxbiel0@meetup.com,17-06-2023,HIGH_SCHOOL_1TH_GRADE,3561781895
Ellswerth,Nunn,enunnl1@is.gd,02-06-2023,HIGH_SCHOOL_1TH_GRADE,3095116533
Peria,Diffley,pdiffleyl2@miitbeian.gov.cn,27-02-2023,HIGH_SCHOOL_1TH_GRADE,9144324506
Wayland,Carpmile,wcarpmilel3@google.de,23-03-2023,HIGH_SCHOOL_1TH_GRADE,2991328643
Earle,Woodruffe,ewoodruffel4@linkedin.com,25-04-2022,HIGH_SCHOOL_1TH_GRADE,2083759956
Abraham,Harmon,aharmonl5@blogspot.com,18-06-2023,HIGH_SCHOOL_1TH_GRADE,8752261518
La verne,Johann,ljohannl6@de.vu,18-04-2022,HIGH_SCHOOL_1TH_GRADE,2225050286
Kerstin,Roscow,kroscowl7@youku.com,31-12-2021,HIGH_SCHOOL_1TH_GRADE,2139303374
Jaquith,Blinco,jblincol8@nhs.uk,03-08-2022,HIGH_SCHOOL_1TH_GRADE,8382683533
Lorant,Goom,lgooml9@vk.com,02-10-2021,HIGH_SCHOOL_1TH_GRADE,2493453374
Arman,Saxelby,asaxelbyla@ox.ac.uk,03-08-2021,HIGH_SCHOOL_1TH_GRADE,3619041454
Roxanna,Meeland,rmeelandlb@indiegogo.com,11-05-2022,HIGH_SCHOOL_1TH_GRADE,3421625354
Morley,Henner,mhennerlc@yellowbook.com,21-11-2021,HIGH_SCHOOL_1TH_GRADE,8286175106
Bailey,Guerreru,bguerreruld@latimes.com,23-05-2022,HIGH_SCHOOL_1TH_GRADE,9843015302
Aleda,Rhodes,arhodesle@fema.gov,07-11-2021,HIGH_SCHOOL_1TH_GRADE,9571749801
Everett,Wentworth,ewentworthlf@arstechnica.com,28-03-2023,HIGH_SCHOOL_1TH_GRADE,9734655073
Leanna,Toulamain,ltoulamainlg@joomla.org,14-08-2022,HIGH_SCHOOL_1TH_GRADE,8237522743
Regan,Daveley,rdaveleylh@cocolog-nifty.com,14-02-2022,HIGH_SCHOOL_1TH_GRADE,7248654724
Heywood,Costelow,hcostelowli@nymag.com,18-06-2022,HIGH_SCHOOL_1TH_GRADE,7961687345
Jolie,Pardy,jpardylj@mysql.com,24-11-2021,HIGH_SCHOOL_1TH_GRADE,9792761089
Kaylyn,Jorin,kjorinlk@bravesites.com,09-01-2023,HIGH_SCHOOL_1TH_GRADE,4243198813
Sapphire,Pashba,spashball@blogtalkradio.com,05-10-2022,HIGH_SCHOOL_1TH_GRADE,5051373227
Georgena,Alenichicov,galenichicovlm@shop-pro.jp,02-11-2023,HIGH_SCHOOL_1TH_GRADE,4128282196
Kinna,Baiyle,kbaiyleln@freewebs.com,06-05-2022,HIGH_SCHOOL_1TH_GRADE,3727634382
Clive,Doerling,cdoerlinglo@bigcartel.com,09-11-2021,HIGH_SCHOOL_1TH_GRADE,5095576431
Haily,Rings,hringslp@thetimes.co.uk,15-09-2021,HIGH_SCHOOL_1TH_GRADE,9708636252
Tiffie,Whale,twhalelq@cisco.com,28-07-2022,HIGH_SCHOOL_1TH_GRADE,9133628418
Herbert,Golsby,hgolsbylr@yandex.ru,19-07-2021,HIGH_SCHOOL_1TH_GRADE,2991955106
Margareta,Poynor,mpoynorls@narod.ru,02-08-2022,HIGH_SCHOOL_1TH_GRADE,6545246233
Sigismundo,Neillans,sneillanslt@jiathis.com,05-08-2023,HIGH_SCHOOL_1TH_GRADE,6545280468
Phaedra,Brian,pbrianlu@hp.com,18-07-2021,HIGH_SCHOOL_1TH_GRADE,8394725798
Mela,Chance,mchancelv@ehow.com,10-12-2021,HIGH_SCHOOL_1TH_GRADE,1932184941
Karole,Reape,kreapelw@indiatimes.com,13-08-2023,HIGH_SCHOOL_1TH_GRADE,3039761852
Donia,Burgisi,dburgisilx@chicagotribune.com,02-10-2021,HIGH_SCHOOL_1TH_GRADE,6804847344
Phillipe,Dawnay,pdawnayly@wikimedia.org,31-03-2022,HIGH_SCHOOL_1TH_GRADE,1882345210
Deni,Ardern,dardernlz@aol.com,26-03-2023,HIGH_SCHOOL_1TH_GRADE,4236333597
Peta,Bowich,pbowichm0@liveinternet.ru,12-04-2022,HIGH_SCHOOL_1TH_GRADE,9803929326
Cissiee,Huxster,chuxsterm1@linkedin.com,12-05-2023,HIGH_SCHOOL_1TH_GRADE,5173245561
Gray,Tytterton,gtyttertonm2@icq.com,18-04-2022,HIGH_SCHOOL_1TH_GRADE,4492458489
Carolee,Godspeede,cgodspeedem3@surveymonkey.com,29-09-2023,HIGH_SCHOOL_1TH_GRADE,3665901878
Amie,Touhig,atouhigm4@gov.uk,17-03-2022,HIGH_SCHOOL_1TH_GRADE,9578846133
Harriet,Steffans,hsteffansm5@joomla.org,08-04-2023,HIGH_SCHOOL_1TH_GRADE,8655223906
Quill,Dies,qdiesm6@nhs.uk,16-06-2022,HIGH_SCHOOL_1TH_GRADE,2456637507
Malory,Cordero,mcorderom7@wix.com,15-07-2021,HIGH_SCHOOL_1TH_GRADE,8271071844
Randell,Pressey,rpresseym8@sun.com,13-10-2022,HIGH_SCHOOL_1TH_GRADE,3048699301
Ephraim,Luckwell,eluckwellm9@addthis.com,22-05-2022,HIGH_SCHOOL_1TH_GRADE,1848880034
Tucker,Monelli,tmonellima@technorati.com,18-07-2023,HIGH_SCHOOL_1TH_GRADE,6424176461
Sal,Pally,spallymb@berkeley.edu,09-08-2022,HIGH_SCHOOL_1TH_GRADE,6336186229
Oralee,Shotbolt,oshotboltmc@w3.org,17-09-2022,HIGH_SCHOOL_1TH_GRADE,6726411569
Karalee,Aggs,kaggsmd@si.edu,11-02-2023,HIGH_SCHOOL_1TH_GRADE,2344615326
Anni,Galego,agalegome@sohu.com,28-12-2022,HIGH_SCHOOL_1TH_GRADE,8426753651
Leeann,Possa,lpossamf@linkedin.com,07-10-2021,HIGH_SCHOOL_1TH_GRADE,2133809862
Lock,Vasiliev,lvasilievmg@smh.com.au,29-11-2021,HIGH_SCHOOL_1TH_GRADE,7182426531
Eleanora,Jewer,ejewermh@hibu.com,26-07-2023,HIGH_SCHOOL_1TH_GRADE,2482325375
Rochella,Kliement,rkliementmi@abc.net.au,21-09-2021,HIGH_SCHOOL_1TH_GRADE,9911172901
Mair,Brecken,mbreckenmj@paypal.com,29-07-2023,HIGH_SCHOOL_1TH_GRADE,9833409406
Isac,Okell,iokellmk@liveinternet.ru,28-05-2023,HIGH_SCHOOL_1TH_GRADE,6968027469
Branden,Took,btookml@shop-pro.jp,26-09-2021,HIGH_SCHOOL_1TH_GRADE,7476914712
Justen,Evemy,jevemymm@posterous.com,28-03-2023,HIGH_SCHOOL_1TH_GRADE,7842340773
Aldon,Aldritt,aaldrittmn@storify.com,03-03-2022,HIGH_SCHOOL_1TH_GRADE,5919669902
Tim,McComiskie,tmccomiskiemo@ehow.com,30-08-2023,HIGH_SCHOOL_1TH_GRADE,6193899350
Petr,Castlake,pcastlakemp@alexa.com,21-02-2023,HIGH_SCHOOL_1TH_GRADE,1339526893
Vincents,Hannay,vhannaymq@usda.gov,22-10-2022,HIGH_SCHOOL_1TH_GRADE,7821874747
Stevy,Runnacles,srunnaclesmr@princeton.edu,09-05-2023,HIGH_SCHOOL_1TH_GRADE,4707495268
Keven,Humpage,khumpagems@taobao.com,12-02-2022,HIGH_SCHOOL_1TH_GRADE,3424928089
Alisun,Haskur,ahaskurmt@yellowbook.com,03-09-2021,HIGH_SCHOOL_1TH_GRADE,8749315841
Lizette,Tregiddo,ltregiddomu@cloudflare.com,06-11-2023,HIGH_SCHOOL_1TH_GRADE,5473680492
Taddeusz,Rudiger,trudigermv@homestead.com,08-05-2022,HIGH_SCHOOL_1TH_GRADE,7245306973
Rudiger,McGilmartin,rmcgilmartinmw@illinois.edu,25-04-2023,HIGH_SCHOOL_1TH_GRADE,3904915013
Flossie,Zimmermeister,fzimmermeistermx@thetimes.co.uk,07-04-2023,HIGH_SCHOOL_1TH_GRADE,3316188410
Elvina,Tuma,etumamy@weebly.com,27-06-2023,HIGH_SCHOOL_1TH_GRADE,1859396389
Nancee,Cowoppe,ncowoppemz@dagondesign.com,02-05-2023,HIGH_SCHOOL_1TH_GRADE,6695701926
Giffy,Ayto,gayton0@skyrock.com,06-08-2021,HIGH_SCHOOL_1TH_GRADE,9315024780
Vance,Heitz,vheitzn1@gravatar.com,09-01-2022,HIGH_SCHOOL_1TH_GRADE,3739386747
Bar,Kirwood,bkirwoodn2@biblegateway.com,31-07-2021,HIGH_SCHOOL_1TH_GRADE,6646822851
Clayborne,Caw,ccawn3@cargocollective.com,22-08-2023,HIGH_SCHOOL_1TH_GRADE,6185203850
Georgy,Heaney,gheaneyn4@cocolog-nifty.com,30-01-2022,HIGH_SCHOOL_1TH_GRADE,9874343158
Andriette,Crassweller,acrasswellern5@thetimes.co.uk,21-09-2021,HIGH_SCHOOL_1TH_GRADE,7479255553
Milly,Cordero,mcorderon6@cbsnews.com,07-03-2022,HIGH_SCHOOL_1TH_GRADE,2295240520
Trevor,Yewdall,tyewdalln7@yandex.ru,27-07-2021,HIGH_SCHOOL_1TH_GRADE,9977723524
Dredi,Tuckett,dtuckettn8@google.pl,14-02-2023,HIGH_SCHOOL_1TH_GRADE,6317290441
Sharlene,Hoogendorp,shoogendorpn9@tumblr.com,24-06-2022,HIGH_SCHOOL_1TH_GRADE,3926986581
Jolyn,Keefe,jkeefena@slate.com,06-02-2023,HIGH_SCHOOL_1TH_GRADE,9909543832
Karney,Iacovielli,kiacoviellinb@java.com,28-01-2023,HIGH_SCHOOL_1TH_GRADE,4675854355
Bailie,Peggs,bpeggsnc@wsj.com,03-07-2022,HIGH_SCHOOL_1TH_GRADE,6108834023
Thorndike,Fowell,tfowellnd@reference.com,19-07-2023,HIGH_SCHOOL_1TH_GRADE,5548456830
Rivalee,Braidford,rbraidfordne@utexas.edu,09-06-2022,HIGH_SCHOOL_1TH_GRADE,8337264487
Corrine,MacGillacolm,cmacgillacolmnf@telegraph.co.uk,05-08-2023,HIGH_SCHOOL_1TH_GRADE,3638555120
Hamil,Franke,hfrankeng@squidoo.com,09-02-2023,HIGH_SCHOOL_1TH_GRADE,8372110237
Juieta,Eick,jeicknh@usgs.gov,07-06-2023,HIGH_SCHOOL_1TH_GRADE,7024540448
Sorcha,Linguard,slinguardni@businessweek.com,22-12-2021,HIGH_SCHOOL_1TH_GRADE,3312775435
Godart,Klais,gklaisnj@paypal.com,17-10-2023,HIGH_SCHOOL_1TH_GRADE,6992462822
Jenifer,Pales,jpalesnk@scribd.com,01-09-2021,HIGH_SCHOOL_1TH_GRADE,9082089107
Rayner,Cordelle,rcordellenl@usnews.com,29-08-2022,HIGH_SCHOOL_1TH_GRADE,3317817090
Layney,McRill,lmcrillnm@lycos.com,27-10-2021,HIGH_SCHOOL_1TH_GRADE,9493083311
Edita,Madge,emadgenn@chicagotribune.com,22-08-2021,HIGH_SCHOOL_1TH_GRADE,8858691295
Karlene,Walter,kwalterno@aol.com,08-09-2021,HIGH_SCHOOL_1TH_GRADE,1114494937
Krystyna,Starkey,kstarkeynp@japanpost.jp,02-10-2022,HIGH_SCHOOL_1TH_GRADE,8298670042
Brunhilde,Witton,bwittonnq@nyu.edu,03-09-2021,HIGH_SCHOOL_1TH_GRADE,8638968717
Channa,Frude,cfrudenr@virginia.edu,26-10-2022,HIGH_SCHOOL_1TH_GRADE,5101391950
Ninetta,Moyers,nmoyersns@cbc.ca,05-03-2022,HIGH_SCHOOL_1TH_GRADE,8044582492
Linus,Abramcik,labramciknt@xinhuanet.com,15-08-2021,HIGH_SCHOOL_1TH_GRADE,4471932854
Dimitry,Odhams,dodhamsnu@blogs.com,19-02-2023,HIGH_SCHOOL_1TH_GRADE,8471862501
Micki,Ladbrooke,mladbrookenv@pagesperso-orange.fr,28-08-2023,HIGH_SCHOOL_1TH_GRADE,6161501829
Annabal,Bestall,abestallnw@example.com,01-08-2023,HIGH_SCHOOL_1TH_GRADE,4756142434
Laverna,Organ,lorgannx@com.com,17-07-2021,HIGH_SCHOOL_1TH_GRADE,4429667906
Sherlocke,Botting,sbottingny@guardian.co.uk,19-04-2023,HIGH_SCHOOL_1TH_GRADE,7399808654
Moritz,Lissaman,mlissamannz@ycombinator.com,19-09-2022,HIGH_SCHOOL_1TH_GRADE,6156343205
Xavier,Grotty,xgrottyo0@cbc.ca,10-12-2022,HIGH_SCHOOL_1TH_GRADE,4057051612
Vanna,McBride,vmcbrideo1@comcast.net,03-05-2022,HIGH_SCHOOL_1TH_GRADE,8451259752
Frederigo,McAdam,fmcadamo2@sphinn.com,19-02-2022,HIGH_SCHOOL_1TH_GRADE,5854891347
Scotti,Lucks,sluckso3@netvibes.com,12-03-2022,HIGH_SCHOOL_1TH_GRADE,2882386343
Elsbeth,MacConneely,emacconneelyo4@w3.org,26-07-2023,HIGH_SCHOOL_1TH_GRADE,3608461379
Sky,Maggs,smaggso5@accuweather.com,14-09-2022,HIGH_SCHOOL_1TH_GRADE,1785610921
Dulcy,Saffer,dsaffero6@tumblr.com,19-02-2022,HIGH_SCHOOL_1TH_GRADE,7852318002
Silvia,Avison,savisono7@icq.com,09-10-2023,HIGH_SCHOOL_1TH_GRADE,4283117056
Mercie,Cornick,mcornicko8@bbb.org,08-08-2023,HIGH_SCHOOL_1TH_GRADE,1913358165
Rozamond,Tadman,rtadmano9@yahoo.com,22-01-2022,HIGH_SCHOOL_1TH_GRADE,4381357642
Rosaline,O'Lagene,rolageneoa@tinyurl.com,06-11-2023,HIGH_SCHOOL_1TH_GRADE,4817795734
Valeda,Eadmeads,veadmeadsob@dropbox.com,04-10-2021,HIGH_SCHOOL_1TH_GRADE,2506387629
Farrell,Casiroli,fcasirolioc@samsung.com,06-09-2023,HIGH_SCHOOL_1TH_GRADE,3874724992
Sterling,Cecil,scecilod@weebly.com,19-11-2022,HIGH_SCHOOL_1TH_GRADE,3181647379
Karlee,Jennaway,kjennawayoe@squarespace.com,04-11-2021,HIGH_SCHOOL_1TH_GRADE,4876953222
Noreen,Hughman,nhughmanof@e-recht24.de,27-07-2023,HIGH_SCHOOL_1TH_GRADE,7697041317
Jan,Finci,jfinciog@tmall.com,27-11-2022,HIGH_SCHOOL_1TH_GRADE,4725649749
Sibilla,Bartolomivis,sbartolomivisoh@godaddy.com,10-07-2023,HIGH_SCHOOL_1TH_GRADE,9789210410
Dina,Riha,drihaoi@sbwire.com,15-09-2022,HIGH_SCHOOL_1TH_GRADE,2301952747
Auberta,Rangeley,arangeleyoj@sphinn.com,08-09-2023,HIGH_SCHOOL_1TH_GRADE,2984960948
Shanta,Wasielewicz,swasielewiczok@indiegogo.com,12-03-2022,HIGH_SCHOOL_1TH_GRADE,4062167692
Hendrika,Maddrell,hmaddrellol@1und1.de,04-12-2022,HIGH_SCHOOL_1TH_GRADE,7938221681
Liza,Allebone,lalleboneom@redcross.org,11-01-2022,HIGH_SCHOOL_1TH_GRADE,8837889203
Arne,Sitlington,asitlingtonon@de.vu,28-04-2023,HIGH_SCHOOL_1TH_GRADE,7888066528
Pen,Grimstead,pgrimsteadoo@is.gd,02-03-2023,HIGH_SCHOOL_1TH_GRADE,4395338225
Byron,Desesquelle,bdesesquelleop@hostgator.com,22-02-2022,HIGH_SCHOOL_1TH_GRADE,5889382206
Meriel,Draijer,mdraijeroq@diigo.com,14-08-2023,HIGH_SCHOOL_1TH_GRADE,3565863523
Davita,Shadfourth,dshadfourthor@qq.com,29-07-2021,HIGH_SCHOOL_1TH_GRADE,3199967586
Marline,Dorgan,mdorganos@utexas.edu,16-03-2023,HIGH_SCHOOL_1TH_GRADE,8348646011
Raynell,De Laspee,rdelaspeeot@google.cn,27-07-2021,HIGH_SCHOOL_1TH_GRADE,2112954735
Arleyne,Curless,acurlessou@yellowpages.com,09-12-2022,HIGH_SCHOOL_1TH_GRADE,2528901007
Cherri,Toffanini,ctoffaniniov@dailymail.co.uk,07-07-2022,HIGH_SCHOOL_1TH_GRADE,5295536667
Katrinka,Skayman,kskaymanow@businessinsider.com,07-08-2022,HIGH_SCHOOL_1TH_GRADE,1739612839
Linda,Muck,lmuckox@twitter.com,16-07-2022,HIGH_SCHOOL_1TH_GRADE,3934774379
Batsheva,Tomenson,btomensonoy@booking.com,26-02-2022,HIGH_SCHOOL_1TH_GRADE,8993485251
Jany,Exposito,jexpositooz@psu.edu,13-06-2023,HIGH_SCHOOL_1TH_GRADE,5962164326
Judon,Iacobassi,jiacobassip0@china.com.cn,22-11-2021,HIGH_SCHOOL_1TH_GRADE,5473992487
Ephrayim,Rivelon,erivelonp1@quantcast.com,25-01-2022,HIGH_SCHOOL_1TH_GRADE,5497670339
Mortimer,Rawson,mrawsonp2@mit.edu,05-01-2022,HIGH_SCHOOL_1TH_GRADE,7992395755
Vi,Portwaine,vportwainep3@booking.com,11-10-2023,HIGH_SCHOOL_1TH_GRADE,1489741797
Vidovic,Chorley,vchorleyp4@springer.com,30-01-2023,HIGH_SCHOOL_1TH_GRADE,2499373969
Natalee,Lardnar,nlardnarp5@edublogs.org,21-08-2023,HIGH_SCHOOL_1TH_GRADE,4923118550
Stacie,Dalzell,sdalzellp6@craigslist.org,14-10-2021,HIGH_SCHOOL_1TH_GRADE,1162004871
Claretta,Halegarth,chalegarthp7@canalblog.com,18-08-2021,HIGH_SCHOOL_1TH_GRADE,9929085391
Marlyn,Bertram,mbertramp8@symantec.com,01-04-2023,HIGH_SCHOOL_1TH_GRADE,6418836236
Farrell,Chasemore,fchasemorep9@youtu.be,29-03-2022,HIGH_SCHOOL_1TH_GRADE,9317878588
Clemence,Soltan,csoltanpa@acquirethisname.com,03-11-2021,HIGH_SCHOOL_1TH_GRADE,6074388165
Susanne,Guilliatt,sguilliattpb@craigslist.org,01-06-2023,HIGH_SCHOOL_1TH_GRADE,8285354164
Shina,Piatek,spiatekpc@ebay.com,12-04-2022,HIGH_SCHOOL_1TH_GRADE,4503377809
Bartolemo,Colbrun,bcolbrunpd@people.com.cn,01-10-2022,HIGH_SCHOOL_1TH_GRADE,8185308798
Rafaelita,Marrow,rmarrowpe@ed.gov,17-09-2021,HIGH_SCHOOL_1TH_GRADE,5801518558
Beverie,Crake,bcrakepf@sciencedaily.com,03-02-2022,HIGH_SCHOOL_1TH_GRADE,9228831969
Modestia,Smallsman,msmallsmanpg@dyndns.org,11-07-2022,HIGH_SCHOOL_1TH_GRADE,5159318901
Thorndike,Keemar,tkeemarph@google.es,31-07-2023,HIGH_SCHOOL_1TH_GRADE,4824719077
Della,Watts,dwattspi@java.com,24-04-2023,HIGH_SCHOOL_1TH_GRADE,5998771845
Terrye,Dunnet,tdunnetpj@so-net.ne.jp,02-10-2021,HIGH_SCHOOL_1TH_GRADE,1226121004
Padgett,Klimt,pklimtpk@dot.gov,09-09-2021,HIGH_SCHOOL_1TH_GRADE,7624989756
Armin,Veneur,aveneurpl@topsy.com,11-07-2023,HIGH_SCHOOL_1TH_GRADE,5643351741
Ginevra,Kellock,gkellockpm@issuu.com,31-10-2023,HIGH_SCHOOL_1TH_GRADE,9151403667
Wanids,Dampier,wdampierpn@ocn.ne.jp,02-04-2022,HIGH_SCHOOL_1TH_GRADE,3983423667
Barbara-anne,Lauks,blaukspo@smh.com.au,04-12-2022,HIGH_SCHOOL_1TH_GRADE,2303668677
Kip,Bamborough,kbamboroughpp@google.de,12-07-2022,HIGH_SCHOOL_1TH_GRADE,4551154447
Silas,Whistance,swhistancepq@alexa.com,09-12-2021,HIGH_SCHOOL_1TH_GRADE,5827685259
Ronnie,Thurston,rthurstonpr@123-reg.co.uk,19-11-2021,HIGH_SCHOOL_1TH_GRADE,3214449850
Kevina,Trevance,ktrevanceps@google.nl,12-10-2021,HIGH_SCHOOL_1TH_GRADE,1901094364
Grissel,Stancliffe,gstancliffept@businesswire.com,31-03-2023,HIGH_SCHOOL_1TH_GRADE,7241659828
Zerk,Sieb,zsiebpu@mediafire.com,22-05-2023,HIGH_SCHOOL_1TH_GRADE,7176622721
Elinore,Amery,eamerypv@e-recht24.de,14-01-2023,HIGH_SCHOOL_1TH_GRADE,2359902922
Tarrance,Mitrovic,tmitrovicpw@weather.com,31-10-2023,HIGH_SCHOOL_1TH_GRADE,2976595576
Charissa,Florence,cflorencepx@mapy.cz,07-06-2023,HIGH_SCHOOL_1TH_GRADE,7873948201
Wynnie,Thurman,wthurmanpy@blogs.com,14-06-2022,HIGH_SCHOOL_1TH_GRADE,4683176174
Doretta,Blankenship,dblankenshippz@cmu.edu,07-02-2022,HIGH_SCHOOL_1TH_GRADE,2337055771
Elijah,Slee,esleeq0@netvibes.com,26-09-2021,HIGH_SCHOOL_1TH_GRADE,1856058334
Morgen,Bris,mbrisq1@elegantthemes.com,09-12-2022,HIGH_SCHOOL_1TH_GRADE,2496754811
Chelsae,Jacquemy,cjacquemyq2@uol.com.br,20-11-2021,HIGH_SCHOOL_1TH_GRADE,6526323007
Gib,Beeswing,gbeeswingq3@tripod.com,29-11-2021,HIGH_SCHOOL_1TH_GRADE,3495010027
Iosep,Thurborn,ithurbornq4@bbc.co.uk,15-09-2021,HIGH_SCHOOL_1TH_GRADE,1755709463
Carlota,Lingley,clingleyq5@furl.net,12-09-2021,HIGH_SCHOOL_1TH_GRADE,3141609349
Perl,Crowder,pcrowderq6@goo.ne.jp,24-12-2021,HIGH_SCHOOL_1TH_GRADE,9797013466
Beltran,Poston,bpostonq7@usgs.gov,17-08-2023,HIGH_SCHOOL_1TH_GRADE,5322148274
Idette,Vallentin,ivallentinq8@yolasite.com,23-09-2021,HIGH_SCHOOL_1TH_GRADE,7143264037
Clare,Rudge,crudgeq9@meetup.com,13-07-2023,HIGH_SCHOOL_1TH_GRADE,2897796621
Giffer,Wyllt,gwylltqa@miitbeian.gov.cn,11-07-2022,HIGH_SCHOOL_1TH_GRADE,7039381128
Connie,De Andisie,cdeandisieqb@nsw.gov.au,23-10-2021,HIGH_SCHOOL_1TH_GRADE,3818081451
Analise,Arboine,aarboineqc@fotki.com,21-04-2023,HIGH_SCHOOL_1TH_GRADE,2371199547
Constancy,Bertelmot,cbertelmotqd@addthis.com,03-06-2022,HIGH_SCHOOL_1TH_GRADE,7741340175
Stormi,Starbuck,sstarbuckqe@wikia.com,11-01-2022,HIGH_SCHOOL_1TH_GRADE,2623096783
Fabe,Biesinger,fbiesingerqf@google.de,01-06-2022,HIGH_SCHOOL_1TH_GRADE,7162536779
Lulu,Zuanazzi,lzuanazziqg@about.com,02-01-2023,HIGH_SCHOOL_1TH_GRADE,6741178117
Gale,Ratlee,gratleeqh@ftc.gov,06-03-2022,HIGH_SCHOOL_1TH_GRADE,3188804063
Elia,Houseman,ehousemanqi@etsy.com,20-07-2021,HIGH_SCHOOL_1TH_GRADE,5346738333
Aundrea,Cabrera,acabreraqj@scientificamerican.com,14-09-2021,HIGH_SCHOOL_1TH_GRADE,9397211961
Donal,Janicki,djanickiqk@ezinearticles.com,24-04-2023,HIGH_SCHOOL_1TH_GRADE,4383759052
Hilliary,Hellis,hhellisql@webmd.com,16-10-2023,HIGH_SCHOOL_1TH_GRADE,4182507229
Bibby,Dumini,bduminiqm@rambler.ru,09-05-2023,HIGH_SCHOOL_1TH_GRADE,5149041595
Charlena,MacIlwrick,cmacilwrickqn@sogou.com,22-05-2022,HIGH_SCHOOL_1TH_GRADE,9631438294
Ralph,Napier,rnapierqo@skype.com,05-08-2023,HIGH_SCHOOL_1TH_GRADE,3879507897
Lucio,Hallybone,lhallyboneqp@vimeo.com,22-05-2023,HIGH_SCHOOL_1TH_GRADE,1798940336
Joelie,Calan,jcalanqq@ask.com,11-02-2023,HIGH_SCHOOL_1TH_GRADE,7066805859
Reina,Watton,rwattonqr@state.tx.us,20-06-2022,HIGH_SCHOOL_1TH_GRADE,4789457806
Doretta,Sibyllina,dsibyllinaqs@skyrock.com,30-06-2022,HIGH_SCHOOL_1TH_GRADE,3888771669
Calv,Able,cableqt@seesaa.net,28-12-2022,HIGH_SCHOOL_1TH_GRADE,5104239419
Halley,Gunson,hgunsonqu@eventbrite.com,15-12-2021,HIGH_SCHOOL_1TH_GRADE,8691077644
Florie,Noel,fnoelqv@aboutads.info,03-05-2022,HIGH_SCHOOL_1TH_GRADE,3318620978
Greg,Faragan,gfaraganqw@utexas.edu,07-05-2022,HIGH_SCHOOL_1TH_GRADE,4526958547
King,Hillock,khillockqx@goo.ne.jp,05-08-2023,HIGH_SCHOOL_1TH_GRADE,4024259416
Hayley,Gabel,hgabelqy@clickbank.net,24-11-2022,HIGH_SCHOOL_1TH_GRADE,4637886211
Steffane,Kennaway,skennawayqz@slideshare.net,07-03-2022,HIGH_SCHOOL_1TH_GRADE,3514841621
Karissa,Hawking,khawkingr0@printfriendly.com,22-05-2023,HIGH_SCHOOL_1TH_GRADE,7603901784
Jorge,Wetherburn,jwetherburnr1@1688.com,04-06-2022,HIGH_SCHOOL_1TH_GRADE,1902049012
Ericha,Patullo,epatullor2@123-reg.co.uk,19-04-2023,HIGH_SCHOOL_1TH_GRADE,4224993063
Emlen,Leethem,eleethemr3@google.co.uk,25-08-2021,HIGH_SCHOOL_1TH_GRADE,8192918511
Ravid,Roux,rrouxr4@fda.gov,14-05-2022,HIGH_SCHOOL_1TH_GRADE,8829026022
Fergus,Fairbanks,ffairbanksr5@cnn.com,03-04-2023,HIGH_SCHOOL_1TH_GRADE,6682365280
Miner,Sturman,msturmanr6@people.com.cn,05-11-2021,HIGH_SCHOOL_1TH_GRADE,4635762767
Danyelle,Spain,dspainr7@elpais.com,20-10-2021,HIGH_SCHOOL_1TH_GRADE,8039221350
Jayne,Parkin,jparkinr8@msu.edu,18-04-2022,HIGH_SCHOOL_1TH_GRADE,5612275724
Betteann,Schops,bschopsr9@mit.edu,16-12-2022,HIGH_SCHOOL_1TH_GRADE,7051363117
Dietrich,Fishly,dfishlyra@gnu.org,11-06-2022,HIGH_SCHOOL_1TH_GRADE,6496495340
Hasty,Sprasen,hsprasenrb@wsj.com,10-10-2023,HIGH_SCHOOL_1TH_GRADE,7368791556
Eimile,Alleyne,ealleynerc@opera.com,15-05-2022,HIGH_SCHOOL_1TH_GRADE,2695890234
Mylo,Pettecrew,mpettecrewrd@mozilla.com,18-01-2023,HIGH_SCHOOL_1TH_GRADE,9365111080
Kamillah,Joule,kjoulere@un.org,15-02-2023,HIGH_SCHOOL_1TH_GRADE,7626035191
Orlando,Devers,odeversrf@odnoklassniki.ru,04-04-2023,HIGH_SCHOOL_1TH_GRADE,5801964776
Judye,Hamsley,jhamsleyrg@un.org,06-10-2022,HIGH_SCHOOL_1TH_GRADE,2803107833
Bevin,Slides,bslidesrh@squarespace.com,12-09-2021,HIGH_SCHOOL_1TH_GRADE,6923484146
Noemi,Cornbell,ncornbellri@blinklist.com,10-10-2022,HIGH_SCHOOL_1TH_GRADE,1833247039
Cobby,Appleby,capplebyrj@drupal.org,16-10-2023,HIGH_SCHOOL_1TH_GRADE,4264259471
Justis,Scannell,jscannellrk@nhs.uk,30-07-2022,HIGH_SCHOOL_1TH_GRADE,4499078774
Bord,Adkin,badkinrl@vkontakte.ru,13-06-2023,HIGH_SCHOOL_1TH_GRADE,7685958840
Daisie,Lambersen,dlambersenrm@mac.com,25-08-2023,HIGH_SCHOOL_1TH_GRADE,2148484722
Maison,Mann,mmannrn@cnbc.com,07-07-2023,HIGH_SCHOOL_1TH_GRADE,2149627401
Oliy,Mussotti,omussottiro@youtube.com,17-10-2022,HIGH_SCHOOL_1TH_GRADE,7876599583
Benito,Luckin,bluckinrp@instagram.com,15-04-2022,HIGH_SCHOOL_1TH_GRADE,2116788324
Welby,Elldred,welldredrq@jigsy.com,07-04-2022,HIGH_SCHOOL_1TH_GRADE,4009435729
Barbabra,Reihill,breihillrr@bandcamp.com,05-12-2022,HIGH_SCHOOL_1TH_GRADE,8003632553
